query,query_lang,claim_text,claimant,claim_date,publisher_name,publisher_site,review_title,review_url,review_date,rating,language
rainfall,,Images of roads blocked due to heavy rainfall on roads between Bhavnagar and Ahmedabad,Many,2016-06-20T00:00:00Z,Alt News,altnews.in,Old images shared as roads blocked in Gujarat due to heavy rainfall,https://www.altnews.in/old-images-shared-as-roads-blocked-in-gujarat-due-to-heavy-rainfall/,2019-07-30T00:00:00Z,False,gu
kidnapping,,"Child abduction gang active in Kutch, Gujarat",Social media,2016-06-20T00:00:00Z,Alt News,altnews.in,Viral video of staged kidnapping now circulates with child abduction ...,https://www.altnews.in/viral-video-of-staged-kidnapping-now-circulates-with-child-abduction-rumour-in-kutch-gujarat/,2018-06-14T00:00:00Z,False,gu
fact check,,"Government monitoring, recording calls to track political and religious content?",WhatsApp,2016-06-20T00:00:00Z,Alt News,altnews.in,Fact-check: Is govt monitoring calls and social media to track ...,https://www.altnews.in/fact-check-is-govt-monitoring-calls-and-social-media-to-track-political-and-religious-content/,2020-04-06T00:00:00Z,False,gu
ગુજરાત,,AAP is promoting namaz and discouraging Hindu prayers in Gujarat,Surajit Dasgupta,2016-06-20T00:00:00Z,Alt News,altnews.in,"Morphed billboard shows AAP promoting namaz, discouraging ...",https://www.altnews.in/morphed-billboard-shows-aap-promoting-namaz-discouraging-hindu-prayers-in-gujarat/,2021-07-12T00:00:00Z,False,gu
ગુજરાત,,BJP workers have started demanding for a better education system in Gujarat,Arvind Kejriwal,2016-06-20T00:00:00Z,Alt News,altnews.in,Arvind Kejriwal falsely claims BJP worker tweeted criticism of Gujarat education system,https://www.altnews.in/arvind-kejriwal-falsely-claims-bjp-worker-tweeted-criticism-of-gujarat-education-system/,2022-04-12T00:00:00Z,False,gu
ગુજરાત,,Photo shows AAP Gujarat billboard saying Gujarat will read Namaz and leave reading Bhagwat Saptah,Renuka Jain,2021-07-13T13:09:06Z,BOOM Fact Check,boomlive.in,"Photo Of AAP Gujarat Billboard Doctored, Given Communal Spin | BOOM",https://www.boomlive.in/fact-check/fake-news-morphed-billboard-photo-isudan-gadhvi-gopal-italia-arvind-kejriwal-factcheck-13877,2021-07-12T13:29:21Z,False,gu
ગુજરાત,,Video shows police brutality in Gujarat.,Social Media Users,2022-12-03T11:13:05Z,BOOM Fact Check,boomlive.in,Video From Bihar Viral As Police Atrocity In Gujarat Ahead Of Modi's Visit | BOOM,https://www.boomlive.in/fact-check/viral-video-police-van-rickshaw-puller-beating-gujarat-claims-social-media-20276,2022-12-03T11:13:05Z,False,gu
ગુજરાત,,Message by ex-employee maligning Gujarat Samachar,Social media,2016-06-20T00:00:00Z,Alt News,altnews.in,Fake message circulated in the name of non-existent ex-employee to malign Gujarat Samachar,https://www.altnews.in/fake-message-circulated-in-the-name-of-ex-employee-to-malign-gujarat-samachar/,2018-06-19T00:00:00Z,False,gu
અમદાવાદ,,Video of a man brutally charged in Ahmedabad's Behrampura area during coronavirus curfew,Social media users,2016-06-20T00:00:00Z,Alt News,altnews.in,Video from Mumbai viral as cops lathicharge deaf-mute man in Ahmedabad’s Behrampura,https://www.altnews.in/video-from-mumbai-viral-as-cops-lathicharge-deaf-mute-man-in-ahmedabads-behrampura/,2020-04-18T00:00:00Z,False,gu
Gujarat,,Gujarati boy loses mental balance after playing PUBG,Social media,2016-06-20T00:00:00Z,Alt News,altnews.in,Unrelated photos shared as boy in Gujarat hospitalized due to ...,https://www.altnews.in/unrelated-photos-shared-as-boy-in-gujarat-hospitalized-due-to-pubg-addiction/,2019-11-13T00:00:00Z,False,gu
NEET,curated,"ભાજપ સાંસદ કંગનાએ કહ્યું કે હિન્દુઓ ખતરામાં છે, આપણે NEET પેપર લીક કેસને બદલે તેમના પર ધ્યાન કેન્દ્રિત કરવું જોઈએ.",FB User Rizwan Hatimm,2026-06-04T11:12:24Z,,vishvasnews.com,Fact Check: NEET પેપર લીક કેસમાં કાર્યવાહી અટકાવવા અને હિન્દુઓ પર ધ્યાન કેન્દ્રિત કરવા અંગે કંગના રનૌતનું નિવેદન ખોટું છે,https://www.vishvasnews.com/gujarati/entertainment/fact-check-kangana-ranauts-statement-about-stalling-action-and-focusing-on-hindus-in-neet-paper-leak-case-is-false/,2026-06-04T11:12:24Z,False,gu
UPSC,curated,લોકસભાના સ્પીકર ઓમ બિરલાની પુત્રી અંજલિએ UPSC પરીક્ષા વગર પરીક્ષા પાસ કરી,ફેસબુક યૂઝર અભિષેક સિંહ કુશવાહ,2023-04-17T09:20:05Z,,vishvasnews.com,Fact Check : ઓમ બિરલાની પુત્રી અંજલીને લઈને ફરીથી વાયરલ થઈ નકલી પોસ્ટ - Vishvas News,https://www.vishvasnews.com/gujarati/viral/fact-check-om-birla-daughter-post-about-ias-going-viral-with-fake-claim/,2023-04-17T09:20:05Z,False,gu
नौकरी,curated,"રાજસ્થાનના બીજેપી જાલોર લોકસભા વિસ્તારના સાંસદ દેવજી પટેલ છે. જુઓ હવે મોંઘવારી,બેરોજગારી, સરકારી નોકરી મળે ના મળે. મોંઘવારી ચરમસીમા પર છે, બેરોજગારી વધી રહી છે, ભાજપા કહી રહી છે. સહુનો સાથ સહુનો વિકાસ પરંતુ, હવે આને શું કહેવું",અખિલેશ યાદવ કે દિવાને,2022-09-04T08:34:39Z,,vishvasnews.com,Fact Check : ભાજપ સાંસદની છબી ખરાબ કરવા પાકિસ્તાનના વીડિયોનો ઉપયોગ કરવામાં આવતા ચકચાર - Vishvas News,https://www.vishvasnews.com/gujarati/viral/fact-check-video-of-pakistan-viral-with-fake-claim-as-bjp-rajasthan-mp/,2022-09-04T08:34:39Z,False,gu
नौकरी,curated,રતન ટાટાએ જેએનયૂના વિદ્યાર્થીઓને નોકરી ન આપવાનો નિર્ણય લીધો.,ફેસબુક યૂઝરૃ અર્જુન ગુર્જર,2022-09-23T12:15:48Z,,vishvasnews.com,fact check fake statement of ratan tata about jnu is gettting viral- ફેક્ટ ચેક: શું રતન ટાટાએ જેએનયૂના વિદ્યાર્થીઓને નોકરી આપવાની ના પાડી? જાણો વાયરલ પોસ્ટનું સત્ય,https://www.vishvasnews.com/gujarati/viral/fact-check-fake-statement-of-ratan-tata-about-jnu-is-gettting-viral/,2022-09-23T12:15:48Z,Half true,gu
RBI,curated,"Old notes of Rs 100, 10 and 5 may go out of circulation after March: RBI",Khidmati Safar,2021-02-27T07:52:25Z,,vishvasnews.com,"Fact Check: આરબીઆઈ 100 રૂપિયા, 10 રૂપિયા અને 5 રૂપિયાની જૂની નોટો પાછા લઈ રહ્યા નથી, વાયરલ પોસ્ટ નકલી છે - Vishvas News",https://www.vishvasnews.com/gujarati/viral/fact-check-no-rbi-is-not-going-to-stop-the-circulation-of-rs-100-rs-10-and-rs-5-notes/,2021-02-27T07:52:25Z,False,gu
PhonePe,curated,તમે જીત્યા 999 INR... Phonepe સ્ક્રેચ કૂપન...અભિનંદન,ફેસબુક યુઝર- Pannorra,2024-07-17T05:50:52Z,,vishvasnews.com,Fact Check: PhonePe અને Jioના નામે કેશબેક જીતવાનો દાવો કરતી વાયરલ લિંક ફેક-Fake viral link claiming to win cashback in the name of PhonePe and Jio,https://www.vishvasnews.com/gujarati/viral/fact-check-fake-viral-link-claiming-to-win-cashback-in-the-name-of-phonepe-and-jio/,2024-07-17T05:50:52Z,False,gu
WhatsApp,curated,ઓલ ઈન્ડિયા સિમ કાર્ડ whatsapp imo લકી ડ્રો,Facebook User,2021-12-14T00:00:00Z,,vishvasnews.com,"Fact Check : 'કૌન બનેગા કરોડપતિ'ના નામે ફેક મેસેજ વાયરલ થઈ રહ્યો છે, સાવચેત રહો - Vishvas News",https://www.vishvasnews.com/gujarati/viral/fact-check-%E0%AA%95%E0%AB%8C%E0%AA%A8-%E0%AA%AC%E0%AA%A8%E0%AB%87%E0%AA%97%E0%AA%BE-%E0%AA%95%E0%AA%B0%E0%AB%8B%E0%AA%A1%E0%AA%AA%E0%AA%A4%E0%AA%BF%E0%AA%A8%E0%AA%BE-%E0%AA%A8%E0%AA%BE%E0%AA%AE/,2021-12-14T00:00:00Z,False,gu
Facebook,curated,ફેસબુક યુઝર મનીષ પટેલ,"લેટર અનુસાર, ભાજપે શિવરાજસિંહને બનાવ્યા મુખ્યમંત્રી",2023-12-13T06:44:59Z,,vishvasnews.com,Fact Check: મધ્યપ્રદેશના મુખ્યમંત્રીના નામે ફેક લેટર વાયરલ-Fact Check: Fake letter in the name of Madhya Pradesh Chief Minister goes viral,https://www.vishvasnews.com/gujarati/viral/fact-check-fake-letter-in-the-name-of-madhya-pradesh-chief-minister-goes-viral/,2023-12-13T06:44:59Z,False,gu
Facebook,curated,ફેસબુક યુઝર Johar Uddin,Jio ફ્રીમાં 999 રૂપિયા આપી રહ્યું છે,2022-12-30T07:05:37Z,,vishvasnews.com,"ફેક્ટ ચેક : Jio નથી આપી રહ્યું ફ્રીમાં કોઈ પૈસા, આવા મેસેજ પર વિશ્વાસ ન કરો - Vishvas News",https://www.vishvasnews.com/gujarati/society/fact-check-jio-is-not-giving-free-scheme-post-is-fake/,2022-12-30T07:05:37Z,False,gu
Facebook,curated,"ફેસબુક યુઝર રાવ પંકજે કેપ્શન સાથે વાયરલ તસવીર શેર કરી, ""માઈનસ 10 ડિગ્રી સેન્ટિગ્રેડમાં, કેદારનાથ યાત્રા બંધ થયા પછી પણ કેદારનાથ ધામના દરબારમાં એક સાધુ મહારાજ તપસ્યા કરી રહ્યા છે.. #હરહરમહાદેવ ..સત્ય સનાતન ધર્મ કી જય.",Rao Pankaj,2022-11-18T10:18:26Z,,vishvasnews.com,"ફેક્ટ ચેકઃ આ તસવીર કેદારનાથમાં તપસ્યા કરી રહેલા સાધુની નથી, વાયરલ દાવો ખોટો છે - Vishvas News",https://www.vishvasnews.com/gujarati/viral/fact-check-viral-photo-saint-doing-penance-is-not-from-kedarnath-claim-is-fake/,2022-11-18T10:18:26Z,False,gu
Facebook,curated,ફેસબુક પેજ એક ભારત શ્રેષ્ઠ ભારત,ફેસબુક પેજ એક ભારત શ્રેષ્ઠ ભારત,2023-02-13T04:52:47Z,,vishvasnews.com,"Fact Check: છત્તીસગઢના માં ચંડી દેવી મંદિરમાં સેંકડો વર્ષોથી ચઢાવવામાં આવી રહી છે ચાદર, ખોટો છે વાયરલ પોસ્ટનો દાવો - Vishvas News",https://www.vishvasnews.com/gujarati/society/fact-check-post-claiming-about-maa-chandi-mandir-is-misleading/,2023-02-13T04:52:47Z,Half true,gu
ડીપફેક,curated,આજતક ચેનલના એન્કર ચિત્રા ત્રિપાઠી કેન્દ્ર સરકારની ટીકા કરી રહ્યા છે.,ફેસબુક યૂઝર અખિલેશ યાદવ મિશન 2027 (INDIA),2024-03-11T12:30:49Z,,vishvasnews.com,Fact Check: ન્યૂઝ એન્કર ચિત્રા ત્રિપાઠીનો ડીપફેક વીડિયો થયો વાયરલ ...,https://www.vishvasnews.com/gujarati/viral/fact-check-deepfake-video-of-news-anchor-chitra-tripathi-has-gone-viral/,2024-03-11T12:30:49Z,False,gu
ડીપફેક,curated,વિરાટ કોહલીએ કર્યું ગેમિંગ એપનું પ્રમોશન,ફેસબુક યુઝર- U68 0412B,2024-05-22T06:56:21Z,,vishvasnews.com,Fact Check: વિરાટ કોહલીએ નથી કર્યું આ ગેમિંગ એપનું પ્રમોશન ...,https://www.vishvasnews.com/gujarati/viral/fact-check-virat-kohli-did-not-promote-this-gaming-app-the-audio-has-been-replaced-with-deepfake-technology/,2024-05-22T06:56:21Z,False,gu
राम,curated,આ વીડિયો અયોધ્યાના રામ મંદિરમાં એક પુજારી દાનની 'ચોરી' કરતો હોય તેવો છે.,Insta User- iindian_affairs,2026-06-24T10:46:31Z,,vishvasnews.com,"Fact Check: મંદિરના દાનમાંથી પૈસા 'ચોરી' કરવાનો આ વીડિયો બેંગલુરુનો છે, અયોધ્યાના રામ મંદિરનો નહીં",https://www.vishvasnews.com/gujarati/viral/fact-check-this-video-of-stealing-money-from-temple-donations-is-from-bengaluru-not-ayodhyas-ram-temple/,2026-06-24T10:46:31Z,False,gu
राम,curated,મુસ્લિમ ન્યૂઝ એન્કરે અયોધ્યાના રામ મંદિરમાં રામલલાની મૂર્તિ વિશે રિપોર્ટિંગ કરતી વખતે પોતાના બૂટ ઉતારી દીધા,ફેસબુક યુઝર કુમાર ધનજંય વત્સ,2024-02-15T07:46:33Z,,vishvasnews.com,Fact Check: રામલલાના સમાચારને ઉઘાડા પગે વાંચનાર એન્કર એચ. આર રંગનાથ મુસ્લિમ નહીં હિન્દુ છે-Fact Check: Anchor H who read the news of Ramlala barefoot. R Ranganath is a Hindu not a Muslim,https://www.vishvasnews.com/gujarati/viral/fact-check-anchor-h-who-read-the-news-of-ramlala-barefoot-r-ranganath-is-a-hindu-not-a-muslim/,2024-02-15T07:46:33Z,Half true,gu
राम,curated,સાંવરિયા શેઠ મંદિર માંડફિયા ટ્રસ્ટે રામ મંદિરના નિર્માણ માટે રૂ. 50 કરોડ આપ્યા છે.,FB USER Mukesh Gurjar Mukesj,2024-01-19T06:54:55Z,,vishvasnews.com,"ફેક્ટ ચેક : સાંવરિયા સેઠ મંદિર મંડફિયા ટ્રસ્ટે રામ મંદિરના નિર્માણ માટે 50 કરોડ રૂપિયાનું દાન નથી આપ્યું, વાયરલ દાવો ખોટો-Fact Check: Sawariya Seth Mandir Mandafia Trust did not donate Rs 50 crore for construction of Ram Mandir, viral claim false",https://www.vishvasnews.com/gujarati/viral/fact-check-sawariya-seth-mandir-mandafia-trust-did-not-donate-rs-50-crore-for-construction-of-ram-mandir-viral-claim-false/,2024-01-19T06:54:55Z,False,gu
राम,curated,"આ રામ મંદિરનો વીડિયો છે, જેની જાન્યુઆરીમાં પ્રાણ-પ્રતિષ્ઠા થવાની છે.",FB User: Pradip Acharjee Nirob (টিকলু),2023-12-28T05:56:59Z,,vishvasnews.com,Fact Check: હૈદરાબાદના રામોજી ફિલ્મ સ્ટૂડિયોના વીડિયોને રામ મંદિરનો જણાવીને કરાઈ રહ્યો છે વાયરલ-Fact Check: The video of Hyderabad's Ramoji Film Studio is being made viral by referring to Ram Mandir.,https://www.vishvasnews.com/gujarati/viral/fact-check-the-video-of-hyderabads-ramoji-film-studio-is-being-made-viral-by-referring-to-ram-mandir/,2023-12-28T05:56:59Z,False,gu
राम,curated,"USAએ નવી કાર લૉન્ચ કરી છે, જેની બ્રાન્ડનું નામ ભગવાન રામ છે.",ફેસબુક યુઝર,2023-08-24T10:46:05Z,,vishvasnews.com,Fact Check: શું અમેરિકી કંપનીએ ભગવાન રામના નામ પર લૉન્ચ કરી કાર? જાણો વાયરલ દાવાનું સત્ય,https://www.vishvasnews.com/gujarati/world/fact-check-post-claiming-american-company-named-car-after-name-ram-lord-is-fake/,2023-08-24T10:46:05Z,False,gu
राम,curated,રામ મંદિરનું ઉદ્ઘાટન 1 જાન્યુઆરી 2023ના રોજ થશે,FB user Rajesh Sharma,2022-11-27T10:55:58Z,,vishvasnews.com,"ફેક્ટ ચેકઃ 1 જાન્યુઆરી 2023ના રોજ રામ મંદિરનું ઉદ્ઘાટન નહીં થાય, વાયરલ દાવો ખોટો - Vishvas News",https://www.vishvasnews.com/gujarati/viral/fact-check-ram-temple-will-not-be-inaugurated-on-first-january-2023/,2022-11-27T10:55:58Z,False,gu
રામ,curated,મહાકુંભમાં પહોંચેલી પ્રિયંકા ચોપરાની તસવીર,Radha Yadav,2025-02-04T07:44:20Z,,vishvasnews.com,"Fact Check: પ્રિયંકા ચોપરાની વાયરલ તસવીર મહાકુંભની નહીં, રામ મંદિર ...",https://www.vishvasnews.com/gujarati/entertainment/fact-check-priyanka-chopras-viral-picture-is-not-of-mahakumbh-but-of-ram-mandir-darshan/,2025-02-04T07:44:20Z,Half true,gu
રામ,curated,રામ મંદિરના 14 કિલોમીટરના દાયરામાં ઉઘાડા પગે રહેશે આ સમાજના લોકો,ફેસબુક યુઝર રંજીત કુમાર યાદવ,2024-02-07T07:06:21Z,,vishvasnews.com,Fact Check: રામ મંદિરના નામે CM યોગીને લઈને ફેક પોસ્ટ વાયરલ-Fact ...,https://www.vishvasnews.com/gujarati/viral/fact-check-fake-post-viral-about-cm-yogi-in-the-name-of-ram-temple/,2024-02-07T07:06:21Z,False,gu
કૃષ્ણ,curated,શિવરાજ સિંહ ચૂંટણી બાદ પહોંચ્યા બાગેશ્વર ધામ સરકારને મળવા,ઈન્સ્ટાગ્રામ યુઝર અર્જુન રાજપૂત,2023-12-07T06:10:44Z,,vishvasnews.com,Fact Check: શિવરાજ સિંહ ચૌહાણ અને ધીરેન્દ્ર કૃષ્ણ શાસ્ત્રીની ...,https://www.vishvasnews.com/gujarati/politics/fact-check-7-months-old-video-of-shivraj-singh-chauhan-and-dhirendra-krishna-shastris-meeting-now-viral/,2023-12-07T06:10:44Z,Half true,gu
Pakistan,curated,પાકિસ્તાનના મંત્રી બિલાવલ ભુટ્ટો 'બેશરમ રંગ' ગીત પર ડાન્સ કરી રહ્યા છે.,ફેસબુક યૂઝર મનોજ કુમાર,2023-05-16T05:33:19Z,,vishvasnews.com,"ફેક્ટ ચેકઃ SCO સમિટમાં બિલાવલ ભુટ્ટોના ડાન્સના નામે પાકિસ્તાની વિદ્યાર્થીનો વાયરલ વીડિયો, નકલી દાવા સાથે વીડિયો ફરી વાયરલ - Vishvas News",https://www.vishvasnews.com/gujarati/politics/fact-check-man-dancing-in-video-is-not-bilawal-bhutto-post-claim-is-fake/,2023-05-16T05:33:19Z,False,gu
Pakistan,curated,ભારત સામે હાર્યા પછી પાકિસ્તાનમાં ટીવી ફોડી નાખવાના અહેવાલો છે,કેશવ કુમારે,2022-09-04T08:00:29Z,,vishvasnews.com,Fact Check: ટીવી તોડવાનો દાવો કરતા પાકિસ્તાની ક્રિકેટ ચાહકોની વાયરલ તસવીર અમદાવાદની છે - Vishvas News,https://www.vishvasnews.com/gujarati/viral/fact-check-old-picture-of-fans-breaking-tv-viral-after-the-recent-india-pakistan-match/,2022-09-04T08:00:29Z,Half true,gu
Shah Rukh Khan,curated,શાહરૂખ ખાન સાથે ફિલ્મ પઠાણ જોઈ રહેલા અંબાણી પરિવારના સભ્યો.,FB User- Qureshi Arman,2023-01-28T11:55:31Z,,vishvasnews.com,Fact Check: શાહરૂખ ખાનની સાથે અંબાણી પરિવારની તસવીરને પઠાણ ફિલ્મ સાથે નથી કોઈ સંબંધ - Vishvas News,https://www.vishvasnews.com/gujarati/viral/fact-check-shahrukh-khans-selfie-with-ambani-family-is-not-related-to-film-pathan/,2023-01-28T11:55:31Z,False,gu
Salman Khan,curated,સલમાન ખાન અને સની દેઓલ બેગેશ્વર ધામ ગયા.,ફેસબુક યૂઝર બાગેશ્વરધામ સરકાર,2023-05-23T07:50:52Z,,vishvasnews.com,"Fact Check: સલમાન અને સની દેઓલ ક્યારેય નથી ગયા બાગેશ્વર ધામ, જૂના વીડિયોને ખોટા દાવા સાથે કરાયા વાયરલ - Vishvas News",https://www.vishvasnews.com/gujarati/viral/fact-check-sunny-deol-salman-never-visited-bageshwar-dham-old-videos-going-viral-with-fake-claim/,2023-05-23T07:50:52Z,False,gu
Virat Kohli,curated,એલ્વિશ યાદવે બિગ બોસ જીત્યા બાદ વિરાટ કોહલી સાથે કરી મુલાકાત.,ફેસબુક યુઝર -Bablu Babu Yadav,2023-09-13T05:12:52Z,,vishvasnews.com,Fact Check: વિરાટ કોહલીની સાથે એલ્વિશ યાદવની વાયરલ તસવીર છે એડિટેડ-Fact Check: viral photo of Elvis Yadav's and Virat Kohli is edited,https://www.vishvasnews.com/gujarati/viral/fact-check-viral-photo-of-elvis-yadavs-and-virat-kohli-is-edited/,2023-09-13T05:12:52Z,False,gu
सिंह,,મૃત્યુ પહેલા સમર સિંહ અને આકાંક્ષા દુબેનો વીડિયો,ફેસબુક પેજ Varal News,2023-04-11T04:38:57Z,,vishvasnews.com,Fact Check : આકાંક્ષા દુબેના મૃત્યુના થોડા સમય પહેલાનો નથી આ વાયરલ વીડિયો - Vishvas News,https://www.vishvasnews.com/gujarati/viral/fact-check-viral-video-is-not-just-before-death-of-akanksha-dubey-claim-is-misleading/,2023-04-11T04:38:57Z,False,gu
भारत,,મહિલા T20 વર્લ્ડ કપમાં ભારત-પાકિસ્તાન મેચ દરમિયાન હરમનપ્રીત કૌર અને ફાતિમા સના વચ્ચે ઝઘડો થયો હતો.,Insta User- imadvait5,2026-06-18T08:30:18Z,,vishvasnews.com,Fact Check: મહિલા T20 વર્લ્ડ કપ દરમિયાન હરમનપ્રીત કૌર અને ફાતિમા સના વચ્ચેની લડાઈનો દાવો કરતો AI વીડિયો વાયરલ,https://www.vishvasnews.com/gujarati/ai-check-3/fact-check-ai-video-claiming-fight-between-harmanpreet-kaur-and-fatima-sana-during-womens-t20-world-cup-goes-viral/,2026-06-18T08:30:18Z,False,gu
भारत,,પાકિસ્તાની વિમાનમાં પેટ્રોલ અડધે રસ્તે ખતમ થઈ ગયું. ભારતમાં લેન્ડિંગ થઈ રહ્યું છે.,Instagram user 'lll_anku__maida_ki__rani_lll',2025-07-30T07:54:53Z,,vishvasnews.com,"Fact Check: ક્રેશ થયેલા વિમાનનો આ વીડિયો AI દ્વારા જનરેટ થયેલ છે, વાસ્તવિક નથી-This video of a crashed plane is generated by AI, not real",https://www.vishvasnews.com/gujarati/ai-check/fact-check-this-video-of-a-crashed-plane-is-generated-by-ai-not-real/,2025-07-30T07:54:53Z,False,gu
भारत,,વાયરલ તસવીર ‘ભારત જોડો’ યાત્રાની છે,દેવ રાજ,2022-09-25T14:38:20Z,,vishvasnews.com,ફેક્ટ ચેક: ‘ભારત જોડો’ યાત્રાના નામે રાહુલ ગાંધીની 5 વર્ષ જૂની તસવીર ખોટા દાવા સાથે વાયરલ,https://www.vishvasnews.com/gujarati/viral/fact-check-rahul-gandhi-old-photo-viral-with-wrong-claim/,2022-09-25T14:38:20Z,False,gu
भारत,,પીએમ નરેન્દ્ર મોદી દ્વારા મફત મોબાઇલ રિચાર્જ યોજના હેઠળ તમામ ભારતીય દરેક* માટે *₹239 કા 28 દિવસવાળો રિચાર્જ ફ્રીમાં આપે છે.,Allcontent,2023-04-11T04:29:12Z,,vishvasnews.com,Fact Check: PM મોદીના નામે ફ્રી મોબાઈલ રિચાર્જ યોજનાનો વાયરલ દાવો છે નકલી - Vishvas News,https://www.vishvasnews.com/gujarati/viral/fact-check-free-mobile-recharge-scheme-after-pm-modi-name-goes-viral/,2023-04-11T04:29:12Z,False,gu
भारत,,શાહે હિન્દુ રાષ્ટ્રની ખાતર 1 જાન્યુઆરીએ ભારત બંધનું નિવેદન આપ્યું હતું,ફેસબુક યૂઝર વિજય ડોંગરે,2022-12-30T07:04:40Z,,vishvasnews.com,"ફેક્ટ ચેકઃ 1 જાન્યુઆરીએ ભારત બંધ પર અમિત શાહે કોઈ નિવેદન આપ્યું નથી, વાયરલ પોસ્ટ નકલી - Vishvas News",https://www.vishvasnews.com/gujarati/politics/fact-check-amit-shah-did-not-announce-bharat-band-on-first-january-post-is-fake/,2022-12-30T07:04:40Z,False,gu
भारत,,"પ્રધાનમંત્રી ફ્રી લેપટોપ યોજના 2023-24. ભારત સરકારે આ પ્રધાનમંત્રી ફ્રી લેપટોપ યોજના શરૂ કરી છે, જે ખાસ કરીને તમામ ભારતીય રાજ્યો માટે છે. તમામ પાત્ર વિદ્યાર્થીઓ સત્તાવાર વેબસાઇટના માધ્યમથી PM ફ્રી લેપટોપ યોજના માટે અરજી કરી શકે છે.",Facebook User,2023-02-27T00:00:00Z,,vishvasnews.com,"Fact Check: વિદ્યાર્થીને ફ્રી લેપટોપ સ્કીમના રજિસ્ટ્રેશન માટે બનેલી વેબસાઇટ ફેક છે, સત્તાવાર નહીં - Vishvas News",https://www.vishvasnews.com/gujarati/viral/fact-check-viral-free-laptop-scheme-link-is-fake/,2023-07-03T00:00:00Z,FALSE,gu
भारत,,"વિરાટ કોહલીએ ભારત જોડો યાત્રાને સમર્થન કર્યું, જય હિન્દ.",રુબી રૂબી,2022-11-18T10:25:09Z,,vishvasnews.com,"ફેક્ટ ચેકઃ ભારત જોડો યાત્રાના સમર્થનમાં વિરાટ કોહલીએ ટી-શર્ટ પહેરી ન હતી, વાયરલ દાવો ખોટો - Vishvas News",https://www.vishvasnews.com/gujarati/viral/fact-check-virat-kohli-did-not-wear-bharat-jodo-yatra-tshirt-picture-is-edited/,2022-11-18T10:25:09Z,False,gu
भारत,,ભારતમાં પૂરની તસવીર,ફેસબુક યૂઝર Mumtaz Beagum Mumtaz,2022-09-30T10:09:43Z,,vishvasnews.com,Fact Check old photo of bangladesh viral with misleading claim- ફેક્ટ ચેક: બાંગ્લાદેશના પૂરની તસવીરને ભારતની બતાવી ખોટા દાવા સાથે કરવામાં આવી શેર,https://www.vishvasnews.com/gujarati/viral/fact-check-old-photo-of-bangladesh-viral-with-misleading-claim/,2022-09-30T10:09:43Z,False,gu
भारत,,રક્ષા મંત્રીએ ભારત-ચીન સરહદ પર લીંબુ-મરચા ટાંગ્યા છે.,Hafsi Ktr,2023-04-11T05:45:39Z,,vishvasnews.com,Fact Check: રક્ષા મંત્રી રાજનાથ સિંહની એડિટેડ તસવીર ફરી ખોટા દાવાની સાથે કરાઈ રહી છે વાયરલ - Vishvas News,https://www.vishvasnews.com/gujarati/viral/fact-check-rajnath-singh-edited-photo-goes-viral/,2023-04-11T05:45:39Z,False,gu
दिल्ली,,દિલ્હીના જંતર-મંતર પર 'કોકરોચ જનતા પાર્ટી' દ્વારા કરવામાં આવેલા વિરોધ પ્રદર્શનનો વીડિયો.,Insta User- anichurzzaman,2026-06-13T11:04:05Z,,vishvasnews.com,Fact Check: મધ્યપ્રદેશની રેલીનો ત્રણ વર્ષ જૂનો વીડિયો દિલ્હીમાં 'કોકરોચ જનતા પાર્ટી'ના વિરોધ પ્રદર્શન સાથે જોડીને વાઈરલ કરાયો,https://www.vishvasnews.com/gujarati/politics/fact-check-three-year-old-video-of-madhya-pradesh-rally-goes-viral-linking-it-to-cockroach-janata-party-protest-in-delhi/,2026-06-13T11:04:05Z,False,gu
दिल्ली,,દિલ્હીના મુખ્યમંત્રી અરવિંદ કેજરીવાલે કોંગ્રેસને વોટ કરવાની અપીલ કરી હતી.,ટ્વિટર યુજર શિવમ કુમાર,2023-05-16T06:32:40Z,,vishvasnews.com,"Fact Check: કેજરીવાલે જલંધર પેટાચૂંટણીમાં કોંગ્રેસને વોટ કરવાની અપીલ કરી ન હતી, એડિટ કરીને વીડિયો ફરી વાયરલ - Vishvas News",https://www.vishvasnews.com/gujarati/politics/fact-check-edited-of-kejriwal-appealing-to-vote-for-congress-goes-viral/,2023-05-16T06:32:40Z,False,gu
दिल्ली,,જો યોગી આદિત્યનાથ 2022ની ચૂંટણીમાં ફરી જીતશે તો હું પત્રકારત્વ છોડી દઈશ અને દિલ્હીના બલ્લીમારનમાં ચિકન-પકોડાની દુકાન ખોલીશ - અજિત અંજુમ,FB User- ચૌધરી સુદેશ સિંહ,2023-04-12T05:54:06Z,,vishvasnews.com,Fact Check: અજીત અંજુમના નામે ફેક ટ્વિટનો સ્ક્રીનશોટ ફરીથી થયો વાયરલ - Vishvas News,https://www.vishvasnews.com/gujarati/politics/fact-check-fake-tweet-of-ajit-anjum-on-yogi-adityanath-goes-viral-on-social-media/,2023-04-12T05:54:06Z,False,gu
देश,,દેશ માટે બ્રેકિંગ ન્યૂઝ લિવિંગ માર્ચ દરમિયાન ઈમરાન ખાનને ગોળી વાગી હતી. બ્રેકિંગ ન્યૂઝ ઇમરાન ખાનને લિવિંગ માર્ચ દરમિયાન ગોળી મારી દેવામાં આવી હતી. દેશ માટે ખૂબ જ દુઃખદ સમાચાર.,Fb Page: Action,2022-11-07T11:10:21Z,,vishvasnews.com,ફેક્ટ ચેકઃ હોસ્પિટલના પલંગ પર જોવા મળેલો ઈમરાન ખાનનો આ વીડિયો તેમના પર તાજેતરમાં થયેલા હુમલા પછીનો નથી - Vishvas News,https://www.vishvasnews.com/gujarati/viral/fact-check-this-video-of-imran-khan-seen-on-the-hospital-bed-is-not-after-the-recent-attack-on-him/,2022-11-07T11:10:21Z,False,gu
नाम,,કેમ્બ્રિજના ભાષણ દરમિયાન રાહુલ ગાંધીની સામે મૂકવામાં આવેલી નેમ પ્લેટ પર 'રાહુલ રાજીવ ફિરોઝ' લખેલું હતું.,રુદ્ર રાહુલ ચોબે,2023-04-11T05:46:10Z,,vishvasnews.com,"Fact Check: કેમ્બ્રિજમાં રાહુલ ગાંધીની નેમ પ્લેટ પર લખેલું ન હતું 'રાહુલ રાજીવ ફિરોઝ', એડિટેડ છે ફોટો - Vishvas News",https://www.vishvasnews.com/gujarati/viral/fact-check-edited-name-plate-of-rahul-gandhi-during-his-cambridge-speech-goes-viral/,2023-04-11T05:46:10Z,False,gu
earthquake,,"તુર્કીમાં ભૂકંપ પછી માતા બચી ન હતી, તેથી નાની છોકરીએ તેના ભાઈને દૂધ પીવડાવવાની એક્ટિંગ કરી જેથી તે શાંત થઈ જાય.",ફેસબુક યુઝર શહીદ બાબા,2023-02-25T10:43:37Z,,vishvasnews.com,Fact Check : નાના બાળકોના આ ભાવુક વીડિયોનો તુર્કીના ભૂકંપ સાથે કોઈ સંબંધ નથી - Vishvas News,https://www.vishvasnews.com/gujarati/viral/fact-check-girl-emotional-video-does-not-related-to-turkey-earthquake/,2023-02-25T10:43:37Z,Half true,gu
પૂર,,બાંગ્લાદેશમાં પૂરની તસવીર,FB User હિન્દી સ્ટેટ,2024-08-30T06:31:08Z,,vishvasnews.com,ફેક્ટ ચેકઃ પૂર સાથે સંઘર્ષ કરી રહેલા માણસની આ તસવીર AI દ્વારા ...,https://www.vishvasnews.com/gujarati/viral/fact-check-this-image-of-a-man-struggling-with-floods-is-created-by-ai/,2024-08-30T06:31:08Z,False,gu
murder,,કમલનાથે અતીક અહમદની હત્યા પર દુ:ખ વ્યક્ત કર્યું.,ફેસબુક યુઝર વિષ્ણુ ડાંગી,2023-04-26T04:42:16Z,,vishvasnews.com,Fact Check: અતીક અહેમદ હત્યાકાંડ પર કોંગ્રેસ નેતા કમલનાથનો અધૂરો વીડિયો ભ્રામક દાવાની સાથે વાયરલ - Vishvas News,https://www.vishvasnews.com/gujarati/viral/fact-check-incomplete-video-of-kamalnaths-on-atiq-ahmed-goes-viral-with-misleading-claim/,2023-04-26T04:42:16Z,Half true,gu
અફવા,,29 માર્ચથી 10 રુપિયાની નોટ બંધ થઈ જશે.,ઈન્સ્ટાગ્રામ યુઝર- ramapir_ka_divana01,2024-03-15T06:57:46Z,,vishvasnews.com,Fact Check: 29 માર્ચથી 10 રૂપિયાની નોટ બંધ થવાનો દાવો માત્ર અફવા ...,https://www.vishvasnews.com/gujarati/viral/fact-check-the-claim-of-rs-10-notes-being-discontinued-from-march-29-is-just-a-rumour/,2024-03-15T06:57:46Z,False,gu
અફવા,,દિનેશ હિંગુનું નિધન થઈ ગયું છે.,FB User: મિશન 2024 ભાજપા સમર્થન ગ્રુપ (ધાર્મિક),2024-03-08T12:11:23Z,,vishvasnews.com,Fact Check: કોમેડિયન દિનેશ હિંગુના નિધનની અફવા વાયરલ -Fact ...,https://www.vishvasnews.com/gujarati/viral/fact-check-comedian-dinesh-hingus-death-rumor-goes-viral/,2024-03-08T12:11:23Z,False,gu
અફવા,,ભારતીય ટીમને દક્ષિણ આફ્રિકા લઈ જઈ રહેલું વિમાન દુર્ઘટનાનો શિકાર બન્યું,Instagram User- itz_rangbazz_razz_x101,2024-01-11T10:44:17Z,,vishvasnews.com,Fact Check: ભારતીય ટીમના વિમાન દુર્ઘટનાની અફવા વાયરલ-Fact ...,https://www.vishvasnews.com/gujarati/viral/fact-check-indian-teams-plane-crash-rumor-goes-viral/,2024-01-11T10:44:17Z,False,gu
અફવા,,શિવાજી સાટમનું નિધન,FB User- Prity Kumari,2023-02-13T05:59:26Z,,vishvasnews.com,Fact Check: ACP પ્રદ્યુમનની ભૂમિકા ભજવનાર શિવાજી સાટમના ...,https://www.vishvasnews.com/gujarati/viral/rumor-of-death-of-shivaji-satam-who-played-acp-pradyuman-goes-viral/,2023-02-13T05:59:26Z,False,gu
ગુજરાત,,ગુજરાતના સુરતમાં પ્લેન ક્રશે,IG user love.for.u.14_vinod_,2024-12-06T06:22:52Z,,vishvasnews.com,"Fact Check :ગુજરાતમાં પ્લેન ક્રેશનો દાવો ખોટો, ગ્રાફિક્સ વીડિયો વાયરલ થઈ રહ્યો છે-Claim of plane crash in Gujarat is false, graphic video is going viral",https://www.vishvasnews.com/gujarati/viral/fact-check-claim-of-plane-crash-in-gujarat-is-false-graphic-video-is-going-viral/,2024-12-06T06:22:52Z,False,gu
ગુજરાત,,ગુજરાતમાં છોકરીઓની છેડતી કરવા બદલ પોલીસે સડક છાપ રોમિયોને માર્યો ઢોર માર,ફેસબુક યુઝર -બૈજનાથ ચૌરસિયા રાષ્ટ્રવાદી,2023-09-12T06:33:20Z,,vishvasnews.com,"Fact Check: સડક છાપ રોમિયોને માર મારતી ગુજરાત પોલીસનો આ વીડિયો અત્યારનો નહીં, 8 વર્ષ જૂનો છે- Fact Check: This video of Gujarat Police beating up Eve teaser is not current, it is 8 years old.",https://www.vishvasnews.com/gujarati/viral/fact-check-this-video-of-gujarat-police-beating-up-eve-teaser-is-not-current-it-is-8-years-old/,2023-09-12T06:33:20Z,Half true,gu
ગુજરાત,,ગુજરાતમાં અનામત સંપૂર્ણ રીતે સમાપ્ત થઈ ગયું છે.,Fb User- Rakesh Chauhan,2022-10-08T07:36:55Z,,vishvasnews.com,Fact Check: ગુજરાતમાં અનામત ખતમ કરવાનો ખોટો દાવો ફરી થયો વાયરલ,https://www.vishvasnews.com/gujarati/viral/fact-check-reservations-are-not-banned-in-gujarat-post-is-fake/,2022-10-08T07:36:55Z,False,gu
ગુજરાત,,ગુજરાતમાં AAP ના તમામ ચૂંટાયેલા ધારાસભ્યો ભાજપમાં સામેલ,FB User-Shashi Kant Shashi,2022-12-21T12:24:53Z,,vishvasnews.com,ફેક્ટ ચેક : ગુજરાતમાં નવા ચૂંટાયેલા તમામ AAP ધારાસભ્યો ભાજપમાં જોડાયા હોવાનો ખોટો દાવો વાયરલ - Vishvas News,https://www.vishvasnews.com/gujarati/politics/fact-check-post-claiming-all-newly-elected-aap-mlas-in-gujarat-joined-bjp-is-fake/,2022-12-21T12:24:53Z,False,gu
ગુજરાત,,ગુજરાતમાં મત માંગવા ગયેલા ભાજપના નેતાઓ અને કાર્યકરોને લોકોએ માર માર્યો.,શિવચરણ ગોયલે,2022-10-22T06:20:05Z,,vishvasnews.com,ફેક્ટ ચેકઃ પશ્ચિમ બંગાળનો બે મહિના જૂનો વીડિયો ગુજરાતની ચૂંટણીને જોડી કરવામાં આવી રહ્યો છે શેર - Vishvas News,https://www.vishvasnews.com/gujarati/viral/fact-check-old-video-from-west-bengal-viral-with-fake-claim-as-gujarat/,2022-10-22T06:20:05Z,False,gu
અમદાવાદ,,"અમદાવાદ વિમાન દુર્ઘટના પહેલા કેબિનમાં ધુમાડાનો વીડિયો,",Threads user marieannensalaf,2025-06-17T07:09:17Z,,vishvasnews.com,Fact Check : કેબિનમાં ધુમાડાનો આ વીડિયો અમદાવાદ વિમાન દુર્ઘટના ...,https://www.vishvasnews.com/gujarati/viral/fact-check-this-video-of-smoke-in-the-cabin-is-not-related-to-the-ahmedabad-plane-crash/,2025-06-17T07:09:17Z,False,gu
અમદાવાદ,,માનનીય વડાપ્રધાન મોદીજીના ભાઈ શ્રી પ્રહલાદ મોદીજીના પત્ની શ્રીમતી ભગવતીબેન મોદીનું ગઈકાલે અમદાવાદની સિવિલ હોસ્પિટલમાં બીમારીથી અવસાન થયું.,FB User- jagdish patel jagdish,2024-05-21T06:38:44Z,,vishvasnews.com,"Fact Check : PM મોદીના ભાઈના પત્ની ભગવતીબેનનું વર્ષ 2019માં જ થઈ ચૂક્યું છે નિધન, ભ્રામક પોસ્ટ વાયરલ- PM Modi's brother's wife Bhagwatiben passed away in 2019, misleading post goes viral",https://www.vishvasnews.com/gujarati/viral/fact-check-pm-modis-brothers-wife-bhagwatiben-passed-away-in-2019-misleading-post-goes-viral/,2024-05-21T06:38:44Z,Half true,gu
અમદાવાદ,,ગુજરાતના અમદાવાદ એરપોર્ટની તસવીર.,ફેસબુક પેજ- Smart India,2023-08-28T09:46:53Z,,vishvasnews.com,Fact Check: અમદાવાદ એરપોર્ટના નામે વાયરલ થઈ રહેલી તસવીર ...,https://www.vishvasnews.com/gujarati/viral/fact-check-the-picture-going-viral-in-the-name-of-ahmedabad-airport-is-from-the-year-2015-in-chennai/,2023-08-28T09:46:53Z,False,gu
ભાજપ,,બોલીવુડ અભિનેતા અસરાનીએ તાજેતરમાં ભાજપ પર કટાક્ષ કર્યો,FB User જનતા કા અધિકાર : Unofficial,2024-12-12T09:28:48Z,,vishvasnews.com,Fact Check : ચૂંટણીમાં સંદર્ભ બદલીને ભાજપ પર ટોણો મારતા બોલિવૂડ ...,https://www.vishvasnews.com/gujarati/politics/fact-check-a-5-year-old-video-of-bollywood-actor-asrani-taunting-bjp-by-changing-the-context-in-elections-went-viral/,2024-12-12T09:28:48Z,Half true,gu
કોંગ્રેસ,,કોંગ્રેસ તમામ ભારતીય યુઝર્સને રુ. 719નું 84 દિવસનું ફ્રી રિચાર્જ આપી રહી છે,FB User: Mukhiya Yaver Sadak Dudhli,2024-04-25T07:00:55Z,,vishvasnews.com,Fact Check: કોંગ્રેસ નથી આપી રહી લોકસભાની ચૂંટણીમાં 719 રૂપિયાનું ...,https://www.vishvasnews.com/gujarati/scam/fact-check-congress-is-not-giving-free-recharge-of-rs-719-in-lok-sabha-elections-fake-viral-link/,2024-04-25T07:00:55Z,False,gu
કોંગ્રેસ,,કોંગ્રેસ ફ્રી રિચાર્જ યોજના,"ફેસબુક પેજ - Hanjanglangso English High School, Sarihajan, K/A",2023-11-23T12:13:12Z,,vishvasnews.com,Fact Check: કોંગ્રેસ ફ્રી રિચાર્જ યોજનાના દાવા સાથે સોશિયલ મીડિયા ...,https://www.vishvasnews.com/gujarati/scam/fact-check-the-link-going-viral-on-social-media-with-the-claim-of-congress-free-recharge-scheme-is-fake-2/,2023-11-23T12:13:12Z,False,gu
કોંગ્રેસ,,"શ્રી ડીકે શિવકુમાર, ડોર ટુ ડોર પ્રચાર દરમિયાન સંપૂર્ણપણે નશામાં હતા.",ફેસબુક યુઝર Muthu Maran,2023-05-16T05:16:46Z,,vishvasnews.com,Fact Check: કોંગ્રેસ નેતા ડીકે શિવકુમારના એક વર્ષ જૂના વીડિયોને ...,https://www.vishvasnews.com/gujarati/viral/fact-check-old-video-of-congress-leader-dk-shivakumar-linked-with-karnataka-election-campaign/,2023-05-16T05:16:46Z,Half true,gu
નરેન્દ્ર મોદી,,પીએમ મોદી 'કોકરોચ જનતા પાર્ટી'ના સ્થાપક અભિજીત દિપકેને મળ્યા.,X User- Subhash Kumar sharma,2026-06-17T12:23:08Z,,vishvasnews.com,Fact Check: કોકરોચ જનતા પાર્ટીના સ્થાપક અભિજીત દિપકેની પીએમ મોદી સાથે હાથ મિલાવતી એઆઈ તસવીર વાયરલ થઈ,https://www.vishvasnews.com/gujarati/ai-check-3/fact-check-ai-image-of-cockroach-janata-party-founder-abhijeet-deepke-shaking-hands-with-pm-modi-goes-viral/,2026-06-17T12:23:08Z,False,gu
નરેન્દ્ર મોદી,,રવિ કિશને પીએમ મોદી વિરુદ્ધ નિવેદન આપ્યું.,FB User Shagufa Anha,2026-06-03T07:32:49Z,,vishvasnews.com,"Fact Check: ગોરખપુરના સાંસદ રવિ કિશને PM મોદીના વિદેશ પ્રવાસ પર સવાલ ઉઠાવ્યા ન હતા, પરંતુ રાહુલ ગાંધી વિશે નિવેદન આપ્યું હતું",https://www.vishvasnews.com/gujarati/politics/fact-check-gorakhpur-mp-ravi-kishan-did-not-question-pm-modis-foreign-trip-but-made-a-statement-about-rahul-gandhi/,2026-06-03T07:32:49Z,False,gu
નરેન્દ્ર મોદી,,પ્રધાનમંત્રી નરેન્દ્ર મોદીના મેકઅપનો વીડિયો.,FB User Adv Shubham,2026-06-01T11:29:27Z,,vishvasnews.com,Fact Check: પીએમ મોદીના મેકઅપનો જૂનો વીડિયો વાયરલ; પીએમ મોદીએ મેડમ તુસાદ મ્યુઝિયમ માટે માપ આપ્યા હતા,https://www.vishvasnews.com/gujarati/politics/fact-check-old-video-of-pm-modis-makeup-goes-viral-pm-modi-had-given-measurements-for-madame-tussauds-museum-2/,2026-06-01T11:29:27Z,False,gu
નરેન્દ્ર મોદી,,આ પીએમ મોદી અને નવાઝ શરીફની તાજેતરની બેઠકનો ફોટો છે.,FB User- Rajeev Yadav,2024-09-27T09:39:45Z,,vishvasnews.com,Fact Check: પીએમ મોદી અને નવાઝ શરીફનો 2015નો ફોટો તાજેતરના ...,https://www.vishvasnews.com/gujarati/politics/fact-check-2015-photo-of-pm-modi-and-nawaz-sharif-is-being-shared-as-recent/,2024-09-27T09:39:45Z,Half true,gu
નરેન્દ્ર મોદી,,શપથ ગ્રહણ સમારોહ દરમિયાન નીતિન ગડકરીએ ન કર્યું વડાપ્રધાનનું અભિવાદન.,ફેસબુક યૂઝર- રાજીવ રંજન કુશવાહા,2024-06-21T05:21:40Z,,vishvasnews.com,Fact Check: શપથ સમારોહમાં ગડકરીના PM મોદીનું અભિવાદન ન કરવાનો ...,https://www.vishvasnews.com/gujarati/politics/fact-check-gadkaris-claim-of-not-greeting-pm-modi-in-oath-ceremony-is-false-picture-is-from-selected-frame/,2024-06-21T05:21:40Z,Half true,gu
નરેન્દ્ર મોદી,,નરેન્દ્ર મોદીનું યોગ પર ભાષણ,ફેસબુક યુઝર ફિરોઝ અહેમદ,2024-03-29T06:02:14Z,,vishvasnews.com,"Fact Check: નરેન્દ્ર મોદીનો 10 વર્ષ જૂનો વીડિયો હવે વાયરલ, તે સમયે ...",https://www.vishvasnews.com/gujarati/viral/fact-check-10-years-old-video-of-narendra-modi-now-viral-at-that-time-narendra-modi-was-the-chief-minister-of-gujarat/,2024-03-29T06:02:14Z,Half true,gu
નરેન્દ્ર મોદી,,"તસવીરમાં પીએમ મોદી, તેમની માતા અને જશોદાબેન નજરે પડે છે.",Fb User- Rinku Thakur-g,2022-12-11T10:17:21Z,,vishvasnews.com,ફેક્ટ ચેકઃ પીએમ મોદી અને તેમની માતા સાથે પત્ની જશોદા બેનનો એડિટેડ ...,https://www.vishvasnews.com/gujarati/politics/fact-check-edited-photo-of-pm-modi-with-heeraben-modi-goes-viral/,2022-12-11T10:17:21Z,False,gu
નરેન્દ્ર મોદી,,"નરેન્દ્ર મોદી સ્ટેડિયમમાં હેર ડ્રાયર, આયર્ન અને સ્પોન્જ વડે પીચ સુકાઈ ગઈ",ફેસબુક યૂઝર નવનીત યાદવ,2023-06-07T11:04:21Z,,vishvasnews.com,Fact Check: અમદાવાદના સ્ટેડિયમની પિચ સૂકવવાના નામે હેર ડ્રાયર અને આયર્નની જૂની તસવીર વાયરલ - Vishvas News,https://www.vishvasnews.com/gujarati/viral/fact-check-old-picture-of-hair-dryer-and-iron-on-pitch-goes-viral-as-real/,2023-06-07T11:04:21Z,Half true,gu
નરેન્દ્ર મોદી,,વડાપ્રધાન નરેન્દ્ર મોદીની તસવીર હેટ લુકમાં જોવા મળી રહી છે.,રણજીત ઠાકુર,2023-04-20T12:04:06Z,,vishvasnews.com,"Fact Check: હેટ લુકમાં જોવા મળી રહેલા PM નરેન્દ્ર મોદીની તસવીર ફેક, AI ટૂલની મદદથી બનાવવામાં આવ્યો છે ફોટો - Vishvas News",https://www.vishvasnews.com/gujarati/viral/fact-check-pm-modi-photo-on-cowboy-look-is-edited-and-created-by-ai/,2023-04-20T12:04:06Z,False,gu
નરેન્દ્ર મોદી,,"આ મોદી સાથે ઓધવ પટેલ છે, તેમને મોરબી બ્રિજ રિપેર માટે કરોડોનું ટેન્ડર અપાયું હતું.",Prakash Pandey,2022-11-07T10:47:45Z,,vishvasnews.com,"ફેક્ટ ચેક: PM મોદી સાથે નજરે પડી રહેલા વ્યક્તિ ગુજરાતના કૃષિ મંત્રી રાઘવજી પટેલ છે, અજંતા ગ્રુપના સ્થાપક નથી - Vishvas News",https://www.vishvasnews.com/gujarati/viral/fact-check-viral-photo-man-with-pm-modi-is-not-founder-of-ajanta-group-post-is-fake/,2022-11-07T10:47:45Z,False,gu
નરેન્દ્ર મોદી,,હું એ માનવા તૈયાર નથી કે હિન્દુ એક ધર્મ છે- પીએમ મોદી,અંજલી ચૌહાણ,2022-09-14T11:24:43Z,,vishvasnews.com,"ફેક્ટ ચેક: પીએમ મોદીનો 8 વર્ષ જૂનો વીડિયો ખોટા દાવા સાથે થયો વાયરલ, જાણો શું છે સચ્ચાઈફેક્ટ ચેક: પીએમ મોદીનો 8 વર્ષ જૂનો વીડિયો ખોટા દાવા સાથે થયો વાયરલ, જાણો શું છે સચ્ચાઈ",https://www.vishvasnews.com/gujarati/viral/fact-check-old-edited-video-of-prime-minister-modi-goes-viral-with-misleading-claim/,2022-09-14T11:24:43Z,Half true,gu
નરેન્દ્ર મોદી,,પીએમ મોદી નો દુર્લભ ફોટો.,વ્હોટઅપ્સ,2022-08-08T08:20:15Z,,vishvasnews.com,"Fact Check :સફાઇ કરનાર વ્યક્તિનો એડિટ કરેલો ફોટો ખોટા દાવા સાથે કરેલો પોસ્ટ,આ પહેલા પણ ઘણી વખત વાયરલ બની ચૂક્યો છે - Vishvas News",https://www.vishvasnews.com/gujarati/viral/fact-check-old-edited-image-viral-with-fake-claim/,2022-08-08T08:20:15Z,False,gu
નરેન્દ્ર મોદી,,પીએમ મોદીએ સાઉદી અરેબિયાના સુલતાનના ચરણ સ્પર્શ કર્યા.,Whatsapp Tipline,2023-05-31T11:12:42Z,,vishvasnews.com,Fact Check: પીએમ મોદી અને સાઉદી અરેબિયાના સુલતાનની તસવીરોને ...,https://www.vishvasnews.com/gujarati/politics/fact-check-photo-of-pm-modi-with-lk-advani-goes-viral-with-fake-claims/,2023-05-31T11:12:42Z,False,gu
ચૂંટણી,,નુપુર શર્માએ દિલ્હી વિધાનસભા ચૂંટણીને લઈને ભાજપ માટે પ્રચાર શરૂ કર્યો,FB User-Arpit Maheshwari,2025-01-20T07:44:15Z,,vishvasnews.com,Fact Check: નુપુર શર્મા દિલ્હીમાં ચૂંટણી પ્રચાર કરી રહી હોવાનો દાવો ...,https://www.vishvasnews.com/gujarati/viral/fact-check-the-viral-video-claiming-that-nupur-sharma-is-campaigning-in-delhi-is-almost-a-year-old/,2025-01-20T07:44:15Z,Half true,gu
ચૂંટણી,,પીએમ મોદી ભારતીય યુઝર્સને આપી રહ્યા છે ફ્રી મોબાઈલ રિચાર્જ.,ફેસબુક યુઝર અંકિત રાજવંશી,2023-09-07T10:26:45Z,,vishvasnews.com,Fact Check : 2024ની ચૂંટણી સાથે જોડીને PM મોદીના નામે વાયરલ થઈ ફેક ...,https://www.vishvasnews.com/gujarati/viral/fact-check-fake-link-falsely-linked-to-pm-modi-and-2024-elections/,2023-09-07T10:26:45Z,False,gu
લોકસભા,,લોકસભા ચૂંટણી 2024 માટે પ્રચાર કરી રહેલા અરવિંદ કેજરીવાલને કોઈએ થપ્પડ મારી.,Inst user sanatan_hindu56,2024-05-27T05:27:27Z,,vishvasnews.com,"Fact Check: CM કેજરીવાલને હાલમાં નથી મારી કોઈએ થપ્પડ, ખોટા દાવા સાથે 5 વર્ષ જૂનો વીડિયો વાયરલ -CM Kejriwal is currently not slapped by anyone, 5 years old video goes viral with false claims",https://www.vishvasnews.com/gujarati/politics/fact-check-cm-kejriwal-is-currently-not-slapped-by-anyone-5-years-old-video-goes-viral-with-false-claims/,2024-05-27T05:27:27Z,Half true,gu
લોકસભા,,લોકસભા 2024 ચૂંટણીના કારણે રાજસ્થાન અને યુપી બોર્ડની પરીક્ષાઓ રદ,ઈન્સ્ટાગ્રામ યુઝર ‘bachalalyadav25192’,2023-12-15T06:00:45Z,,vishvasnews.com,Fact Check: 2024 લોકસભા ચૂંટણીના કારણે રદ નથી થઈ રાજસ્થાન અને ...,https://www.vishvasnews.com/gujarati/viral/fact-check-rajasthan-and-up-board-exams-not-canceled-due-to-2024-lok-sabha-elections-viral-claim-false/,2023-12-15T06:00:45Z,False,gu
મુખ્યમંત્રી,,તમિલનાડુના મુખ્યમંત્રી સી. જોસેફ વિજયે રાહુલ ગાંધીના ચરણ સ્પર્શ કર્યા.,FB User Dinesh Goyal,2026-05-27T06:58:44Z,,vishvasnews.com,"Fact Check: શપથ લીધા પછી, તમિલનાડુના મુખ્યમંત્રી સી. જોસેફ વિજયે રાહુલ ગાંધીને પગ લાગ્યા ન હતા, AI ની તસવીર વાયરલ થઈ",https://www.vishvasnews.com/gujarati/ai-check-3/fact-check-after-taking-oath-tamil-nadu-chief-minister-c-joseph-vijay-did-not-touch-rahul-gandhis-feet-ais-picture-goes-viral/,2026-05-27T06:58:44Z,False,gu
દિવાળી,,ગૃહ મંત્રાલયે ચાઈનીઝ ફટાકડા અને ડેકોરેટિવ લાઈટ્સ ન ખરીદવા મેસેજ આપ્યો,Ramlal Choudhary Aanjna Patel,2024-10-25T06:10:50Z,,vishvasnews.com,ફેક્ટ ચેકઃ દિવાળી પહેલા ફરી એકવાર ચીનના ફટાકડા અંગે ગૃહ મંત્રાલયના ...,https://www.vishvasnews.com/gujarati/viral/fact-check-before-diwali-once-again-a-fake-message-has-gone-viral-in-the-name-of-home-ministry-regarding-chinese-firecrackers/,2024-10-25T06:10:50Z,False,gu
દિવાળી,,ઋષિ સુનકે આજે બ્રિટિશ સંસદના દરવાજે દીવો પ્રગટાવ્યો.,પરમાનંદ ચૌધરી,2022-10-28T06:09:21Z,,vishvasnews.com,ફેક્ટ ચેક: ઋષિ સુનકનો બે વર્ષ જૂનો ફોટો દિવાળી 2022 નો હોવાનું કહીને ...,https://www.vishvasnews.com/gujarati/viral/fact-check-diwali-celebration-picture-of-rishik-sunak-picture-is-old-viral-as-recent/,2022-10-28T06:09:21Z,Half true,gu
ફેક મેસેજ,,Jio 7 વર્ષ પૂરા થવા પર 999 આપી રહ્યું છે,ફેસબુક યૂઝર Deco Logy,2023-05-23T07:52:10Z,,vishvasnews.com,"Fact Check: Jio નથી આપી રહ્યું RS. 999, ફેક મેસેજ પર વિશ્વાસ ન ...",https://www.vishvasnews.com/gujarati/viral/fact-check-post-claiming-jio-giving-999-rs-is-fake/,2023-05-23T07:52:10Z,False,gu
વાયરલ પોસ્ટ,,સંબિત પાત્રાએ કહ્યું છે કે રાણી લક્ષ્મીબાઈની પીઠ પર બાંધેલું બાળક પીએમ મોદી હતા.,FB User- Dr-Sitaram Paswan,2025-04-16T06:19:07Z,,vishvasnews.com,Fact Check: ભાજપના સાંસદ સંબિત પાત્રાના નામે નકલી પોસ્ટ વાયરલ ...,https://www.vishvasnews.com/gujarati/politics/fact-check-fake-post-in-the-name-of-bjp-mp-sambit-patra-goes-viral/,2025-04-16T06:19:07Z,False,gu
વાયરલ પોસ્ટ,,જોની લીવરનું અવસાન થયું છે.,ફેસબુક વપરાશકર્તા - Bholu Bhai,2025-08-25T07:27:41Z,,vishvasnews.com,Fact Check: કોમેડિયન જોની લીવરના મૃત્યુ વિશેની નકલી પોસ્ટ વાયરલ ...,https://www.vishvasnews.com/gujarati/entertainment/fact-check-fake-post-about-comedian-johnny-levers-death-is-going-viral/,2025-08-25T07:27:41Z,False,gu
વાયરલ પોસ્ટ,,રોહિત શર્માને પણ અર્જુન એવોર્ડ મળ્યો,ફેસબુક પેજ- ક્રિકેટ Adda,2024-01-12T10:36:19Z,,vishvasnews.com,"Fact Check: 2015માં રોહિત શર્માને મળ્યો હતો અર્જુન એવોર્ડ, વાયરલ ...",https://www.vishvasnews.com/gujarati/viral/fact-check-rohit-sharma-received-arjuna-award-in-2015-viral-post-fake/,2024-01-12T10:36:19Z,Half true,gu
વાયરલ પોસ્ટ,,લિંક પર ક્લિક કરીને 28 દિવસનું ફ્રી રિચાર્જ કરી શકાય છે.,Yashir Khan,2023-04-11T04:45:23Z,,vishvasnews.com,Fact Check: 28 દિવસનુ ફ્રી રિચાર્જ આપવાનો દાવો કરતી વાયરલ પોસ્ટ ...,https://www.vishvasnews.com/gujarati/viral/fact-check-fake-post-about-28-days-free-recharge-is-going-viral/,2023-04-11T04:45:23Z,False,gu
વાયરલ વીડિયો,,:જાહેર સ્થળે મહેક અને પરીને બેલ્ટથી મારતો એક યુવકનો વીડિયો.,Insta User- umrah9678,2025-07-28T07:12:34Z,,vishvasnews.com,"Fact Check: આ વાયરલ વીડિયો મહેક અને પરીનો નથી, સંભલ પોલીસે ...",https://www.vishvasnews.com/gujarati/viral/fact-check-this-viral-video-is-not-of-mehek-and-pari-sambhal-police-arrested-them/,2025-07-28T07:12:34Z,False,gu
વાયરલ વીડિયો,,દિલ્હીમાં વકીલોનું યુજીસી વિરુદ્ધ વિરોધ પ્રદર્શન,FB user Pratibha Chauhan,2026-01-30T09:01:14Z,,vishvasnews.com,Fact Check: વકીલોના વિરોધના વાયરલ વીડિયોનો UGC સાથે કોઈ સંબંધ ...,https://www.vishvasnews.com/gujarati/politics/fact-check-viral-video-of-lawyers-protest-has-no-connection-with-ugc-old-video-goes-viral/,2026-01-30T09:01:14Z,Half true,gu
વાયરલ વીડિયો,,જહાંગીરપુરી હિંસા પછીનો વિડિયો,ફેસબુક વપરાશકર્તા મનોજ પરિહાર,2022-04-30T12:18:22Z,,vishvasnews.com,Fact Check : દિલ્હી પોલીસના સમર્થનમાં સૂત્રોચ્ચારનો વાયરલ વીડિયો ...,https://www.vishvasnews.com/gujarati/politics/fact-check-video-of-2019-going-viral-after-jahangirpuri-violence-in-delhi/,2022-04-30T12:18:22Z,False,gu
વાયરલ વીડિયો,,કર્ણાટકમાં સકલેશપુર ટનલનો વિડિયો.,Tipline User,2025-03-25T07:05:34Z,,vishvasnews.com,Fact Check: કર્ણાટકના સકલેશપુર રેલ્વે ટનલનો વાયરલ વીડિયો ...,https://www.vishvasnews.com/gujarati/ai-check/fact-check-the-viral-video-of-karnatakas-sakleshpur-railway-tunnel-is-not-real-but-artificial-created-with-the-help-of-ai/,2025-03-25T07:05:34Z,False,gu
વાયરલ વીડિયો,,આ વીડિયો સોનાક્ષીના લગ્નનો છે.,ફેસબુક યુઝર  - Mubasshir Alam,2024-06-29T08:13:34Z,,vishvasnews.com,"Fact Check: વાયરલ વીડિયો સોનાક્ષી સિન્હાના લગ્નનો નહીં, બોમ્બે ...",https://www.vishvasnews.com/gujarati/entertainment/fact-check-the-viral-video-is-not-of-sonakshi-sinhas-wedding-but-of-bombay-times-fashion-week/,2024-06-29T08:13:34Z,Half true,gu
વાયરલ વીડિયો,,"બિહારમાં, એક ગરીબ શેરી વિક્રેતાએ સીએમઓનો પીછો કર્યો અને તેને પાઠ ભણાવ્યો.",Insta User- -lovekumar_4800,2025-08-20T11:33:08Z,,vishvasnews.com,Fact Check: મધ્યપ્રદેશનો જૂનો વીડિયો બિહારના નામે વાયરલ થઈ રહ્યો ...,https://www.vishvasnews.com/gujarati/viral/fact-checkold-video-from-madhya-pradesh-is-going-viral-in-the-name-of-bihar/,2025-08-20T11:33:08Z,Half true,gu
વાયરલ વીડિયો,,"સિંધુ જળ સંધિ સસ્પેન્ડ થયા પછી, ક્યારેક ભારત પાકિસ્તાન જતું પાણી રોકી રહ્યું છે અને ક્યારેક અચાનક છોડી રહ્યું છે",Instagram User veer_sharma_creator,2025-05-09T11:21:33Z,,vishvasnews.com,Fact Check: પૂરનો જૂનો વીડિયો સિંધુ જળ સંધિના સસ્પેન્શન સાથે જોડીને ...,https://www.vishvasnews.com/gujarati/viral/fact-check-old-video-of-floods-is-being-made-viral-in-association-with-suspension-of-indus-waters-treaty/,2025-05-09T11:21:33Z,False,gu
વાયરલ વીડિયો,,આમ આદમી પાર્ટીના 7 સાંસદો ભાજપમાં જોડાયા પછી કેજરીવાલ ભાવુક થઈ ગયા.,X User पवन,2026-05-11T11:50:58Z,,vishvasnews.com,Fact Check: અરવિંદ કેજરીવાલનો ભાવુક થતો વાયરલ વીડિયો જૂનો છે ...,https://www.vishvasnews.com/gujarati/politics/fact-check-arvind-kejriwals-emotional-viral-video-is-old-not-related-to-raghav-chadha-leaving-the-party/,2026-05-11T11:50:58Z,False,gu
વાયરલ વીડિયો,,ઈરાનના હુમલામાં વિમાનવાહક જહાજ યુએસએસ અબ્રાહમ લિંકન નાશ પામ્યું.,X User-News Now,2026-03-31T05:15:17Z,,vishvasnews.com,Fact Check: ઈરાનના હુમલામાં યુએસ યુદ્ધ જહાજ લિંકનને નુકસાન થયું ...,https://www.vishvasnews.com/gujarati/ai-check-3/fact-check-viral-video-claiming-us-warship-lincoln-damaged-in-iranian-attack-was-created-by-ai/,2026-03-31T05:15:17Z,False,gu
વાયરલ વીડિયો,,SDM જ્યોતિ મૌર્યનો વાયરલ વીડિયો.,ટ્વિટર યુઝર ‘I.khan S.P.,2023-07-31T07:22:30Z,,vishvasnews.com,"Fact Check: SDM જ્યોતિ મૌર્યનો નથી આ વાયરલ વીડિયો, વાયરલ દાવો ...",https://www.vishvasnews.com/gujarati/viral/fact-check-sdm-jyoti-maurya-is-not-in-the-viral-video-post-is-fake/,2023-07-31T07:22:30Z,False,gu
વાયરલ વીડિયો,,ઋષિકેશમાં આખો પર્વત તૂટી પડ્યો,FB User-Loki Gujjar Arniya,2025-09-23T06:29:03Z,,vishvasnews.com,Fact Check: હિમાચલ પ્રદેશના સિરમૌરમાં ભૂસ્ખલનનો જૂનો વીડિયો ...,https://www.vishvasnews.com/gujarati/viral/fact-checkold-video-of-landslide-in-sirmaur-himachal-pradesh-goes-viral-in-the-name-of-rishikesh/,2025-09-23T06:29:03Z,Half true,gu
વાયરલ વીડિયો,,અભિષેક બચ્ચને ઐશ્વર્યા સાથેના છૂટાછેડાની પુષ્ટિ કરી છે.,FB User- ગોસિપ ટીવી,2024-08-21T06:21:35Z,,vishvasnews.com,Fact Check: ઐશ્વર્યા રાય સાથે અભિષેક બચ્ચનના છૂટાછેડાનો વાયરલ ...,https://www.vishvasnews.com/gujarati/viral/fact-check-viral-video-of-abhishek-bachchans-divorce-with-aishwarya-rai-is-a-deepfake/,2024-08-21T06:21:35Z,False,gu
વાયરલ વીડિયો,,ધમકીઓ મળ્યા બાદ પપ્પુ યાદવે લાઠી પ્રેક્ટિસ શરૂ કરી છે,FB Use Mukesh Yadav,2024-11-11T10:27:46Z,,vishvasnews.com,Fact Check: લાકડીઓ વડે કરતબ કરતા સાંસદ પપ્પુ યાદવનો જૂનો વીડિયો ...,https://www.vishvasnews.com/gujarati/politics/fact-check-an-old-video-of-mp-pappu-yadav-performing-tricks-with-sticks-has-gone-viral/,2024-11-11T10:27:46Z,Half true,gu
વાયરલ વીડિયો,,આ વીડિયો દિલ્હીના અકસ્માતનો છે.,ફેસબુક યુઝર -Ramkishor Prajapati,2025-05-15T13:23:08Z,,vishvasnews.com,Fact Check : પોલીસ લાઠીચાર્જનો આ વીડિયો દિલ્હી રાજકોટનો હોવાથી ...,https://www.vishvasnews.com/gujarati/viral/fact-check-this-video-of-police-lathicharge-is-going-viral-because-it-is-from-delhi-rajkot/,2025-05-15T13:23:08Z,Half true,gu
વાયરલ વીડિયો,,ઉત્તરાખંડમાં જાહેર હત્યા.,Deepender Hooda Chandrapal Teem,2025-06-10T11:42:29Z,,vishvasnews.com,Fact Check : બ્રાઝિલમાં જાહેરમાં થયેલી હત્યાનો વીડિયો ઉત્તરાખંડના ...,https://www.vishvasnews.com/gujarati/viral/fact-check-video-of-public-murder-in-brazil-goes-viral-in-the-name-of-uttarakhand/,2025-06-10T11:42:29Z,False,gu
વાયરલ વીડિયો,,ધીરેન્દ્ર શાસ્ત્રી KBC માં ગયા અને 5 કરોડ રૂપિયા જીત્યા.,ફેસબુક યુઝર - ભક્તિ સાગર,2024-10-03T10:01:46Z,,vishvasnews.com,"Fact Check : ધીરેન્દ્ર કૃષ્ણ શાસ્ત્રી કેબીસીમાં નહોતા ગયા, વાયરલ ...",https://www.vishvasnews.com/gujarati/entertainment/fact-check-dhirendra-krishna-shastri-did-not-go-to-kbc-the-viral-video-has-been-edited/,2024-10-03T10:01:46Z,False,gu
વાયરલ વીડિયો,,દિવંગત અભિનેત્રી એંદ્રિલા શર્માનો વાયરલ વીડિયો,એન્દ્રિલા શર્મા અને સબ્યસાચી ચૌધરી,2022-11-26T09:15:56Z,,vishvasnews.com,"ફેક્ટ ચેકઃ આ વીડિયો દિવંગત અભિનેત્રી ઈન્દ્રિલા શર્માનો નથી, વાયરલ ...",https://www.vishvasnews.com/gujarati/viral/fact-check-this-viral-video-is-not-of-late-actress-andrila-sharma-viral-claim-is-fake/,2022-11-26T09:15:56Z,Half true,gu
વાયરલ વીડિયો,,ધુમ્મસને કારણે થયેલા અકસ્માતનો આ વીડિયો તાજેતરનો છે.,ફેસબુક યુઝર- Chandan Kumar Paswan,2024-12-06T06:25:13Z,,vishvasnews.com,Fact Check: ધુમ્મસને કારણે યમુના એક્સપ્રેસ વે પર અકસ્માતનો વર્ષો ...,https://www.vishvasnews.com/gujarati/viral/fact-check-year-old-video-of-yamuna-expressway-accident-due-to-fog-goes-viral-as-darbhangas-latest-news/,2024-12-06T06:25:13Z,Half true,gu
વાયરલ વીડિયો,,રશ્મિકા મંદાન્નાનો વાયરલ વીડિયો,ફેસબુક યુઝર Rashmika By Me,2023-11-08T05:29:38Z,,vishvasnews.com,Fact Check: અભિનેત્રી રશ્મિકા મંદાન્નાના સોશિયલ મીડિયા પર વાયરલ ...,https://www.vishvasnews.com/gujarati/viral/fact-check-actress-rashmika-mandannas-video-going-viral-on-social-media-is-deep-fake/,2023-11-08T05:29:38Z,False,gu
વાયરલ વીડિયો,,શેરબજારમાં રોકાણ કરવાની સલાહ આપતા મુકેશ અંબાણીનો વીડિયો.,ફેસબુક યુઝર-  Jonathan Vargas,2024-04-22T10:46:51Z,,vishvasnews.com,Fact Check: શેરબજારમાં રોકાણ કરવાની સલાહ આપતા મુકેશ અંબાણીનો ...,https://www.vishvasnews.com/gujarati/ai-check/fact-check-the-viral-video-of-mukesh-ambani-advising-to-invest-in-the-stock-market-is-a-deep-fake/,2024-04-22T10:46:51Z,False,gu
વાયરલ વીડિયો,,ઓહિયો વિલિયમ્સ ધાર્મિક ગ્રંથોને અવકાશમાં લઈ જવા પર ચર્ચા કરતો નવો વીડિયો.,Facebook user 'Acharya Hari Krishna Shukla - BJP',2025-04-10T05:47:39Z,,vishvasnews.com,Fact Check:સુનિતા વિલિયમ્સના ગીતા અને ઉપનિષદોમાં સુરક્ષિત પાછા ...,https://www.vishvasnews.com/gujarati/viral/fact-check-the-viral-video-of-sunita-williams-safe-return-to-the-gita-and-upanishads-is-from-2013/,2025-04-10T05:47:39Z,False,gu
વાયરલ વીડિયો,,એક ઇઝરાયલી વ્યક્તિએ નેતન્યાહૂને થપ્પડ મારી,FB User-A2Z building construction contractors,2025-07-02T08:55:56Z,,vishvasnews.com,Fact Check: ઇઝરાયલી પીએમ બેન્જામિન નેતન્યાહૂનો તુર્કી નેતાને ...,https://www.vishvasnews.com/gujarati/world/fact-check-video-of-israeli-pm-benjamin-netanyahu-slapping-turkish-leader-goes-viral/,2025-07-02T08:55:56Z,False,gu
વાયરલ વીડિયો,,જો બાયડનના સ્વાગતમાં વગાડવામાં આવ્યું બોલિવૂડ ગીત.,ટ્વિટર યુઝર તન્મય,2023-09-28T08:48:28Z,,vishvasnews.com,Fact Check: જો બાયડનના સ્વાગતમાં વગાડવામાં નથી આવ્યું ફિલ્મી ગીત ...,https://www.vishvasnews.com/gujarati/viral/fact-check-if-the-film-song-that-was-not-played-at-bidens-reception-the-viral-video-is-fake-and-edited/,2023-09-28T08:48:28Z,False,gu
વાયરલ વીડિયો,,બોલિવુડ અભિનેતા રણવીર સિંહે કરી ક્રોગ્રેસના સમર્થનમાં વોટ કરવાની અપીલ.,ફેસબુક યૂઝર- અમેઠીના રાહુલ ગાંધી,2024-04-24T07:26:01Z,,vishvasnews.com,Fact Check: રણવીર સિંહે નથી કરી કોંગ્રેસને મત આપવાની અપીલ ...,https://www.vishvasnews.com/gujarati/viral/fact-check-ranveer-singh-did-not-appeal-to-vote-for-congress-viral-video-fake/,2024-04-24T07:26:01Z,False,gu
વાયરલ વીડિયો,,નેપાળના ધનુશા જિલ્લામાં મસ્જિદ તોડી પાડવાનો વીડિયો,Facebook user 'Sanatani Suman',2026-01-26T11:12:17Z,,vishvasnews.com,Fact Check: પાકિસ્તાનમાં મસ્જિદ તોડી પાડવાનો વીડિયો નેપાળના નામે ...,https://www.vishvasnews.com/gujarati/world/fact-check-video-of-mosque-demolition-in-pakistan-goes-viral-in-the-name-of-nepal/,2026-01-26T11:12:17Z,False,gu
વાયરલ વીડિયો,,ભારતીય ક્ષેત્રમાં 60 કિલોમીટર સુધી ઘૂસણખોરી કર્યા બાદ ચીની સૈનિકોએ ભારતીય નાગરિકો પર ગોળીબાર કર્યો.,FB User-India blogger SOHIN,2026-07-14T10:59:27Z,,vishvasnews.com,Fact Check: ચીની સેનાએ ભારતમાં 60 કિમી સુધી ઘૂસણખોરી કરી હોવાનો ...,https://www.vishvasnews.com/gujarati/world/fact-check-the-claim-that-the-chinese-army-has-infiltrated-60-km-into-india-is-false-the-viral-video-is-of-an-old-incident/,2026-07-14T10:59:27Z,False,gu
વાયરલ વીડિયો,,વિરોધનો આ વિડિયો લદ્દાખનો છે.,Facebook user 'Mohit Choudhary',2025-10-06T06:53:20Z,,vishvasnews.com,"Fact Check: વિરોધનો આ વીડિયો નેપાળનો છે, લદ્દાખનો નહીં-This ...",https://www.vishvasnews.com/gujarati/viral/fact-check-this-protest-video-is-from-nepal-not-ladakh/,2025-10-06T06:53:20Z,False,gu
વાયરલ વીડિયો,,"તાજેતરના ઇન્ડિગો સંકટ વચ્ચે, મુસાફરોએ રનવે પર ભોજન લીધુ.",Fb User- Khabar Bharat.,2025-12-11T11:41:11Z,,vishvasnews.com,"Fact Check: ઇન્ડિગો કટોકટી વચ્ચે, એરપોર્ટ પર મુસાફરો ફ્લોર પર ...",https://www.vishvasnews.com/gujarati/viral/fact-check-viral-video-of-passengers-eating-on-the-floor-at-the-airport-is-old/,2025-12-11T11:41:11Z,False,gu
વાયરલ વીડિયો,,શાહરૂખ ખાને પીએમ મોદી સમક્ષ જેહાદનો અર્થ સમજાવ્યો.,FB User Shahid Parwez,2025-12-04T12:06:33Z,,vishvasnews.com,Fact Check: શાહરૂખ ખાને પીએમ મોદી સામે જેહાદ વિશે કંઈ કહ્યું નહીં ...,https://www.vishvasnews.com/gujarati/politics/fact-chec-kshahrukh-khan-did-not-say-anything-about-jihad-against-pm-modi-edited-video-goes-viral/,2025-12-04T12:06:33Z,False,gu
વાયરલ વીડિયો,,વાયરલ વીડિયો મુઝફ્ફરનગરમાં ચંદ્રશેખર આઝાદની રેલીનો છે.,ફેસબુક વપરાશકર્તા - Deepak Rajwas,2025-12-02T12:06:17Z,,vishvasnews.com,Fact Check: ફિલિપાઇન્સનો એક વીડિયો ચંદ્રશેખર આઝાદની રેલી તરીકે ...,https://www.vishvasnews.com/gujarati/politics/fact-check-the-video-from-the-philippines-is-being-made-viral-by-pretending-to-be-chandrashekhar-azads-rally/,2025-12-02T12:06:17Z,False,gu
વાયરલ દાવો,,યુપીના સીએમ યોગી આદિત્યનાથે ભરત તિવારીના એન્કાઉન્ટર પર નિવેદન આપ્યું.,FB User Anshu Gautam,2026-06-25T07:48:35Z,,vishvasnews.com,Fact Check: યોગી આદિત્યનાથે ભરત તિવારીના એન્કાઉન્ટરને યોગ્ય ...,https://www.vishvasnews.com/gujarati/politics/fact-check-yogi-adityanath-did-not-justify-bharat-tiwaris-encounter-viral-claim-is-false/,2026-06-25T07:48:35Z,False,gu
વાયરલ દાવો,,કાર્ટૂન નેટવર્ક બંધ થઈ રહ્યું છે,ડેન્ક પોસ્ટ્સ,2022-10-21T11:11:29Z,,vishvasnews.com,"ફેક્ટ ચેક : કાર્ટૂન નેટવર્ક ચેનલ બંધ નહીં થાય, વાયરલ દાવો ખોટો ...",https://www.vishvasnews.com/gujarati/viral/fact-check-post-claiming-cartoon-network-is-shutting-down-is-fake/,2022-10-21T11:11:29Z,False,gu
વાયરલ દાવો,,આજે પૂજ્ય ગુરુદેવ શ્રી પરમાનંદજી મહારાજ દેવલોક પામ્યા,FB User: Tinku Rajput,2023-08-10T10:51:26Z,,vishvasnews.com,"Fact Check: વૃંદાવનના પ્રેમાનંદ મહારાજનું નથી થયું નિધન, ખોટો છે ...",https://www.vishvasnews.com/gujarati/viral/fact-check-death-rumours-of-premanand-maharaj-of-vrandavan-goes-viral/,2023-08-10T10:51:26Z,False,gu
महाराष्ट्र,,શ્રીમતી સુમિત્રા મહાજન મહારાષ્ટ્રના નવા રાજ્યપાલ છે.,ફેસબુક પેજ પ્રાઇમ મહારાષ્ટ્ર,2022-11-07T12:13:44Z,,vishvasnews.com,"Fact Check: સુમિત્રા મહાજનની મહારાષ્ટ્રના રાજ્યપાલ તરીકે નિમણૂક કરવામાં આવી નથી, વાયરલ પોસ્ટ ખોટી છે - Vishvas News",https://www.vishvasnews.com/gujarati/viral/fact-check-post-claiming-sumitra-mahajan-is-maharashtra-governor-is-fake/,2022-11-07T12:13:44Z,False,gu
मुंबई,,આ વીડિયો મુંબઈમાં તાજેતરમાં પડી રહેલા વરસાદનો છે.,Kishanchand Israney,2023-08-14T05:59:11Z,,vishvasnews.com,Fact Check: મુંબઈના ગેટવે ઓફ ઈન્ડિયા પર પૂરનો આ વીડિયો તાજેતરનો નહીં બે વર્ષ જૂનો છે,https://www.vishvasnews.com/gujarati/viral/fact-check-this-video-of-mumbais-gateway-of-india-flood-is-not-recent-but-two-years-old/,2023-08-14T05:59:11Z,False,gu
उद्धव ठाकरे,,ઉદ્ધવ ઠાકરેએ લોકસભઆ ચૂંટણી 2024 પછી રાહુલ ગાંધી પર આ નિવેદન આપ્યું છે.,ફેસબુક ગ્રુપ ‘સમાજવાદી પાર્ટી – ઉત્તર પ્રદેશ સરકાર’,2024-06-25T07:21:07Z,,vishvasnews.com,Fact Check: 2019માં ઉદ્ધવ ઠાકરેએ રાહુલ ગાંધી પર આપેલા વાંધાજનક નિવેદનને ભ્રામક દાવા સાથે કરાઈ રહ્યું છે શેર-Uddhav Thackeray's objectionable statement on Rahul Gandhi in 2019 is being shared with misleading claims,https://www.vishvasnews.com/gujarati/viral/fact-check-uddhav-thackerays-objectionable-statement-on-rahul-gandhi-in-2019-is-being-shared-with-misleading-claims/,2024-06-25T07:21:07Z,Half true,gu
निवडणूक,,અખિલેશ યાદવે લોકસભાની ચૂંટણી 2024ના પ્રચાર વચ્ચે પીએમ મોદી સાથે કરી મુલાકાત,FB User વિક્રમ વર્મા,2024-05-17T11:41:05Z,,vishvasnews.com,"Fact Check: 2014માં મોદીના પ્રધાનમંત્રી બન્યા બાદ શુભેચ્છા પાઠવવા પહોંચ્યા હતા અખિલેશ, ભ્રામક દાવા સાથે શેર કરાઈ રહ્યો છે વીડિયો- Akhilesh came to congratulate Modi after he became Prime Minister in 2014, the video is being shared with misleading claims",https://www.vishvasnews.com/gujarati/viral/fact-check-akhilesh-came-to-congratulate-modi-after-he-became-prime-minister-in-2014-the-video-is-being-shared-with-misleading-claims/,2024-05-17T11:41:05Z,Half true,gu
રાજકીય પક્ષ,,कन्हैया कुमार के आ जाने से कांग्रेस पार्टी के पास अब AC की कमी नहीं होगा,Arun Kumar Nirala,2021-10-08T07:37:05Z,,vishvasnews.com,"Fact Check : કન્હૈયા કુમારની તસવીર સાથેનું આ પોસ્ટર એડિટ કરવામાં આવ્યું છે, મૂળ પોસ્ટરમાં છેડછાડ કરવામાં આવી હતી - Vishvas News",https://www.vishvasnews.com/gujarati/politics/post-about-kanahiya-kumar-poster-is-fake/,2021-10-08T07:37:05Z,False,gu
સાંસદ,,"સાંસદ બન્યા પછી, પ્રિયંકા ગાંધીએ કુંભ મેળા અંગે આ પોસ્ટ કર્યું છે",FB User- Uchhrang Jethwa,2024-12-23T09:53:27Z,,vishvasnews.com,Fact Check:પ્રિયંકા ગાંધી વાડ્રાના નામે કુંભ મેળાને લઈને ફેક પોસ્ટ વાયરલ થઈ રહી છે-A fake post about Kumbh Mela in the name of Priyanka Gandhi Vadra is going viral,https://www.vishvasnews.com/gujarati/politics/fact-check-a-fake-post-about-kumbh-mela-in-the-name-of-priyanka-gandhi-vadra-is-going-viral/,2024-12-23T09:53:27Z,False,gu
મંત્રી,,કેન્દ્રીય મંત્રી મનસુખ માંડવિયા પર ચંપલ ફેંકવામાં આવ્યું.,FB USer Arjun Rana,2024-04-15T09:13:31Z,,vishvasnews.com,Fact Check: કેન્દ્રીય મંત્રી મનસુખ માંડવિયાનો 2017નો વીડિયો ...,https://www.vishvasnews.com/gujarati/viral/fact-check-union-minister-mansukh-mandavis-2017-video-is-going-viral-on-social-media/,2024-04-15T09:13:31Z,Half true,gu
મંત્રી,,બેલી ડાન્સિંગ કોસ્ચ્યુમમાં સ્મૃતિ ઈરાની,ફેસબુક યુઝર 'Viffrelo Vadhiari,2023-08-18T12:46:42Z,,vishvasnews.com,Fact Check: કેન્દ્રીય મંત્રી સ્મૃતિ ઈરાનીના નામે વાયરલ કરવામાં આવી ...,https://www.vishvasnews.com/gujarati/viral/fact-check-this-photo-of-dancer-is-not-smriti-irani-edited-picture-goes-viral/,2023-08-18T12:46:42Z,False,gu
પ્રધાનમંત્રી,,"પ્રધાનમંત્રી સ્વાનિધિ યોજના હેઠળ દરેક ગરીબ વ્યક્તિને 10,000 રૂપિયા મળશે.",FB User શાર્પ સરવના,2024-06-24T05:42:33Z,,vishvasnews.com,Fact Check : પ્રધાનમંત્રી સ્વાનિધિ યોજનાના નામે ફેક લિંક થઈ વાયરલ ...,https://www.vishvasnews.com/gujarati/viral/fact-check-fake-link-goes-viral-in-the-name-of-pradhan-mantri-swanidhi-yojana-not-sharing-personal-information-even-by-mistake/,2024-06-24T05:42:33Z,False,gu
મોદી,,સ્મશાનઘાટ પર મોદીનું હોર્ડિંગ,ઇન્સ્ટાગ્રામ શિબુ આદિવાસી,2023-10-27T06:50:15Z,,vishvasnews.com,"Fact Check: સ્મશાનઘાટ પર લાગ્યું ન હતું PM મોદીનું હોર્ડિંગ, ફેક પોસ્ટ ...",https://www.vishvasnews.com/gujarati/viral/fact-check-hoarding-of-pm-modi-was-not-found-on-the-cremation-ground-fake-post-went-viral/,2023-10-27T06:50:15Z,False,gu
રાહુલ ગાંધી,,રાહુલ ગાંધીએ કહ્યું કે તેઓ કોઈ હિન્દુ ધાર્મિક ગ્રંથમાં માનતા નથી.,FB user Madhukar Sharma,2024-07-15T10:59:21Z,,vishvasnews.com,Fact Check : રાહુલ ગાંધીએ નથી કહ્યું કે તેઓને કોઈ હિન્દુ ધાર્મિક ગ્રંથ ...,https://www.vishvasnews.com/gujarati/viral/fact-check-rahul-gandhi-did-not-say-that-he-does-not-believe-in-any-hindu-religious-book-the-claim-of-the-viral-post-is-fake/,2024-07-15T10:59:21Z,False,gu
રાહુલ ગાંધી,,રાહુલ ગાંધીની એક્સ પોસ્ટ,FB User Vishawjeet Thakur,2024-06-28T10:25:28Z,,vishvasnews.com,Fact Check : રાહુલ ગાંધીની વિરુદ્ધ દુષ્પ્રચાર ફેલાવવા માટે વાયરલ ...,https://www.vishvasnews.com/gujarati/viral/fact-check-fake-post-made-viral-to-spread-misinformation-against-rahul-gandhi/,2024-06-28T10:25:28Z,False,gu
રાહુલ ગાંધી,,રાહુલ ગાંધીએ 420 નંબરનો બેજ પહેર્યો હતો.,FB User - વિનોદ તિવારી,2023-10-04T07:01:36Z,,vishvasnews.com,"Fact Check: રાહુલ ગાંધીએ બેજ નંબર 420 નહીં 756 પહેર્યો હતો, વાયરલ ...",https://www.vishvasnews.com/gujarati/viral/fact-check-rahul-gandhi-edited-image-going-viral-on-social-media/,2023-10-04T07:01:36Z,False,gu
રાહુલ ગાંધી,,હાથ ધોયા બાદ જૂતા પહેરતા રાહુલ ગાંધી.,FB User-विशाल वार्ष्णेय आनंद भाजपा,2023-05-16T05:17:24Z,,vishvasnews.com,Fact Check: શું હાથ ધોયા પછી જ બૂટ પહેરે છે રાહુલ ગાંધી? જાણો વાયરલ વીડિયોનું સત્ય - Vishvas News,https://www.vishvasnews.com/gujarati/viral/fact-check-altered-video-clip-of-rahul-gandhi-showing-he-was-wearing-shoes-after-washing-his-hand/,2023-05-16T05:17:24Z,False,gu
રાહુલ ગાંધી,,કન્નડનું સમાચારપત્ર વાંચી રહેલા રાહુલ ગાંધી,હિન્દુસ્તાન ટીવી,2022-12-17T11:06:43Z,,vishvasnews.com,ફેક્ટ ચેકઃ પ્રચારના ઈરાદાથી ફરી એક વખત અંગ્રેજી અખબાર વાંચતા રાહુલ ગાંધીની તસવીર વાયરલ - Vishvas News,https://www.vishvasnews.com/gujarati/viral/fact-check-rahul-gandhi-was-reading-english-newspaper-viral-post-is-fake/,2022-12-17T11:06:43Z,Half true,gu
રાહુલ ગાંધી,,તપસ્વી તપસ્યા મેં લીન છે.,મુકેશ કુમારે,2023-01-11T11:19:29Z,,vishvasnews.com,Fact Check: રાહુલ ગાંધીના ફોટાને એડિટ કરીને ચિકન અને દારૂ ઉમેરાયો ...,https://www.vishvasnews.com/gujarati/politics/fact-check-rahul-gandhi-edited-photo-of-chicken-and-alcohol-goes-viral/,2023-01-11T11:19:29Z,False,gu
અરવિંદ કેજરીવાલ,,CM આતિશીએ ટ્વીટ કર્યું કે તિહાર જેલમાં કેજરીવાલ પર અત્યાચાર અને યૌન શોષણ થયું,FB User Bhaskar Bhattacharjee,2024-12-02T06:52:03Z,,vishvasnews.com,"Fact Check :CM આતિશીએ કેજરીવાલ વિશે આ પોસ્ટ નથી કરી, પેરોડી એકાઉન્ટનો સ્ક્રીનશોટ થયો વાયરલ-CM Atishi did not post this about Kejriwal, screenshot of parody account goes viral",https://www.vishvasnews.com/gujarati/politics/fact-check-cm-atishi-did-not-post-this-about-kejriwal-screenshot-of-parody-account-goes-viral/,2024-12-02T06:52:03Z,False,gu
PM,,"પીએમ મોદીએ કહ્યું કે ગરીબોને માત્ર સપના દેખાડો. જૂઠું બોલો, તેને એકબીજાની વચ્ચે લડાવો અને શાસન કરો.",Chandan Kushwaha,2023-04-17T09:56:51Z,,vishvasnews.com,Fact Check: પીએમ મોદીના વર્ષ 2021ના ભાષણનો એડિટેડ વીડિયો ભ્રામક દાવાની સાથે કરવામાં આવી રહ્યો છે વાયરલ - Vishvas News,https://www.vishvasnews.com/gujarati/viral/fact-check-viral-video-of-pm-modi-is-edited-and-from-2021-speech/,2023-04-17T09:56:51Z,Half true,gu
PM,,ઓસ્ટ્રેલિયાના પીએમ એન્થોની અલ્બેનીઝના સ્વાગત દરમિયાન ડ્રોન શો.,Devi Veeramachaneni,2023-03-24T05:33:44Z,,vishvasnews.com,Fact Check: અમદાવાદમાં 2022માં યોજાયેલા ડ્રોન શૉના વીડિયોને ઓસ્ટ્રેલિયાના PMના સ્વાગતનો જણાવીને કરવામાં આવી રહ્યો છે શેર - Vishvas News,https://www.vishvasnews.com/gujarati/viral/fact-check-2022-ahmadabad-drone-show-video-goes-viral-with-misleading-claim/,2023-03-24T05:33:44Z,Half true,gu
PM,,જ્યોર્જ સોરોસ અને પૂર્વ પીએમ મનમોહન સિંહની પુત્રીની તસવીર,ફેસબુક યુઝર વિનય ત્યાગી,2023-03-23T06:49:58Z,,vishvasnews.com,Fact Check : જ્યોર્જ સોરોસ અને તેમની પત્નીની તસવીરને પૂર્વ વડાપ્રધાન મનમોહન સિંહની દીકરીની જણાવીને કરવામાં આવી રહ્યો છે દુષ્પ્રચાર,https://www.vishvasnews.com/gujarati/viral/fact-check-viral-picture-women-is-not-manmohan-singhs-duaghter-post-claim-is-fake/,2023-03-23T06:49:58Z,False,gu
ફ્રી રિચાર્જ,,PM નરેન્દ્ર મોદી તમામ ભારતીય યુઝર્સને 3 મહિનાનું ફ્રી રિચાર્જ આપી રહ્યા છે.,ફેસબુક યુઝર -আমী তোমাকে ভালোবাসি,2023-10-30T07:33:07Z,,vishvasnews.com,Fact Check: બીજેપી ફ્રી રિચાર્જ સ્કીમના દાવાની સાથે વાયરલ કરવામાં ...,https://www.vishvasnews.com/gujarati/viral/fact-check-a-fake-link-went-viral-with-the-claim-of-bjp-free-recharge-scheme/,2023-10-30T07:33:07Z,False,gu
ફ્રી રિચાર્જ,,પીએમ નરેન્દ્ર મોદી 75મો આઝાદીનો અમૃત મહોત્સવ મનાવવા માટે તમામ ભારતીય યુઝર્સને 3 મહિનાનું ફ્રી રિચાર્જ આપી રહ્યા છે.,ફેસબુક યુઝર મુરલી,2024-02-01T13:26:31Z,,vishvasnews.com,"Fact Check: ભાજપે જાહેર કરી નથી કોઈ ફ્રી રિચાર્જ યોજના, એક્સપર્ટ્સે ...",https://www.vishvasnews.com/gujarati/viral/fact-check-bjp-has-not-announced-any-free-recharge-scheme-experts-advise-not-to-click-on-viral-links/,2024-02-01T13:26:31Z,False,gu
ફ્રી રિચાર્જ,,અનંત અંબાણીના લગ્ન પ્રસંગ પર ફ્રી રિચાર્જ,Seva Hyd,2024-03-15T06:56:32Z,,vishvasnews.com,Fact Check: શું અનંત અંબાણીના લગ્નની ખુશીમાં જિયો આપી રહ્યું છે ફ્રી ...,https://www.vishvasnews.com/gujarati/viral/fact-check-is-jio-giving-free-recharge-to-celebrate-anant-ambanis-wedding-know-the-truth-of-the-viral-message/,2024-03-15T06:56:32Z,False,gu
ફ્રી રિચાર્જ,,રતન ટાટાના જન્મદિવસ પર ટાટા કંપની તમામ યુઝરને 719 રૂપિયાનું 84 દિવસનું ફ્રી રિચાર્જ આપી રહી છે.,ફેસબુક યુઝર - Shahzad Khan,2023-09-28T08:37:16Z,,vishvasnews.com,Fact Check: રતન ટાટાના જન્મદિવસ પર ટાટા કંપની તરફથી ફ્રી રિચાર્જ ...,https://www.vishvasnews.com/gujarati/viral/fact-check-ratan-tata-birthday-fake-post-going-viral/,2023-09-28T08:37:16Z,False,gu
ફ્રી રિચાર્જ,,ધીરુભાઈ અંબાણીની જન્મજયંતિ પર તમામ જિયો સિમ યુઝર્સને રૂ749નું રિચાર્જ ફ્રીમાં આપવામાં આવી રહ્યું છે.,ફેસબુક યુઝર - પૂજા કુમારી,2023-11-01T06:52:51Z,,vishvasnews.com,Fact Check: રિલાયન્સ ઈન્ડસ્ટ્રીઝના સ્થાપક ધીરુભાઈ અંબાણીની જયંતી ...,https://www.vishvasnews.com/gujarati/viral/fact-check-jio-not-giving-free-recharge-on-dhirubhai-ambanis-birth-anniversary/,2023-11-01T06:52:51Z,False,gu
આતંકવાદી,,"ગીત ગાતા બાળકના પિતા એક શહીદ આર્મી ઓફિસર છે, જે આતંકવાદીઓ સામેના ઓપરેશનમાં શહીદ થયા હતા.",FB વપરાશકર્તા- આલોક શુક્લા કમલાપુર,2024-08-26T12:49:44Z,,vishvasnews.com,"Fact Check: ગીત ગાનારા બાળકના પિતા લશ્કરી અધિકારી નહીં પરંતુ ગાયક છે, વાયરલ વીડિયો પણ પાકિસ્તાનનો છે-The singing child's father is not an army officer but a singer, the viral video is also from Pakistan",https://www.vishvasnews.com/gujarati/viral/fact-check-the-singing-childs-father-is-not-an-army-officer-but-a-singer-the-viral-video-is-also-from-pakistan/,2024-08-26T12:49:44Z,False,gu
Aamir Khan,,આમિર ખાન 15 લાખ રુપિયાની વાત કરી રહ્યા છે.,FB User- Nijam Muddin,2024-04-19T13:29:16Z,,vishvasnews.com,"Fact Check: આમિર ખાનના વીડિયો સાથે છેડછાડ કરીને તેનો ચૂંટણી પ્રચાર માટે કરવામાં આવ્યો ઉપયોગ, વાયરલ વીડિયો ફેક- Aamir Khan's video manipulated and used for election campaign, viral video fake",https://www.vishvasnews.com/gujarati/viral/fact-check-aamir-khans-video-manipulated-and-used-for-election-campaign-viral-video-fake/,2024-04-19T13:29:16Z,False,gu
Aamir Khan,,અનંત અંબાણીની પ્રી-વેડિંગ સેરેમનીમાં આમિર ખાને ભોજન પીરસ્યું.,FB User- Morva Rena,2024-03-18T12:35:08Z,,vishvasnews.com,Fact Check: મહેમાનોને ભોજન પીરસતા આમિર ખાનનો જૂનો વીડિયો અનંત અંબાણીની પ્રી-વેડિંગ સેરેમની સાથે જોડીને વાયરલ - -an-old-video-of-aamir-khan-serving-food-to-guests-goes-viral-with-anant-ambanis-pre-wedding-ceremony,https://www.vishvasnews.com/gujarati/viral/fact-check-an-old-video-of-aamir-khan-serving-food-to-guests-goes-viral-with-anant-ambanis-pre-wedding-ceremony/,2024-03-18T12:35:08Z,Half true,gu
Deepika Padukone,,દીપિકા પાદુકોણ અને રણવીર સિંહની દુઆ સાથેની પ્રથમ તસવીર,ફેસબુક પેજ  -Ranbir kapoor fan club,2025-01-06T10:16:50Z,,vishvasnews.com,Fact Check: રણવીર સિંહ અને દીપિકા પાદુકોણ સાથે દીકરી દુઆનો આ ફોટો AI જનરેટેડ છે-This photo of daughter Dua with Ranveer Singh and Deepika Padukone is AI generated,https://www.vishvasnews.com/gujarati/ai-check/fact-check-this-photo-of-daughter-dua-with-ranveer-singh-and-deepika-padukone-is-ai-generated/,2025-01-06T10:16:50Z,False,gu
Deepika Padukone,,"દીપિકા પાદુકોણ બની માં, તસવીર થઈ રહી છે વાયરલ",ફેસબુક યુઝર Rajsthan Buzz,2024-02-23T06:45:03Z,,vishvasnews.com,Fact Check: શું રણવીર અને દીપિકાના ઘરે થયો બાળકનો જન્મ? જાણો વાયરલ દાવાનું સત્ય- Fact Check: Was a child born at Ranveer and Deepika's house? Know the truth of the viral claim,https://www.vishvasnews.com/gujarati/viral/fact-check-was-a-child-born-at-ranveer-and-deepikas-house-know-the-truth-of-the-viral-claim/,2024-02-23T06:45:03Z,False,gu
Deepika Padukone,,"દીપિકા પાદુકોણે કહ્યું- 67 વર્ષના ઈતિહાસમાં LICને એક રૂપિયાનું પણ નુકસાન નથી થયું, આજે પહેલીવાર LICને 18 હજાર કરોડનું નુકસાન થયું છે.",ફેસબુક યુઝર કરીમ સાયદ,2023-03-07T05:41:16Z,,vishvasnews.com,ફેક્ટ ચેકઃ દીપિકા પાદુકોણે LIC વિરુદ્ધ આપ્યું નથી નિવેદન - Vishvas News,https://www.vishvasnews.com/gujarati/viral/fact-check-post-claiming-of-deepika-padukone-statement-on-lic-is-fake/,2023-03-07T05:41:16Z,False,gu
Kareena Kapoor,,બેબી બમ્પ સાથે કરીના કપૂરની,ફેસબુક યુઝર-  સાહિલ રાજે,2024-08-05T12:36:40Z,,vishvasnews.com,Fact Check : બેબી બમ્પ સાથે કરીના કપૂરની જૂની તસવીરો ભ્રામક દાવાઓ સાથે વાયરલ થઈ રહી છે-Old pictures of Kareena Kapoor with baby bump are going viral with misleading claims,https://www.vishvasnews.com/gujarati/viral/fact-check-old-pictures-of-kareena-kapoor-with-baby-bump-are-going-viral-with-misleading-claims/,2024-08-05T12:36:40Z,Half true,gu
Kangana Ranaut,,પીએમ મોદી પછી કન્યાકુમારીમાં 2 દિવસ માટે ધ્યાન કરશે કંગના રનૌત.,FB User-Alok Mall,2024-06-12T07:51:19Z,,vishvasnews.com,Fact Check: કંગના રનૌતના ખોટા દાવાનીથી NEWS24 ચેનલના નામે વાયરલ ગ્રાફિક્સ FAKE- Viral graphics FAKE in the name of NEWS24 channel due to Kangana Ranaut's false claim,https://www.vishvasnews.com/gujarati/viral/fact-check-viral-graphics-fake-in-the-name-of-news24-channel-due-to-kangana-ranauts-false-claim/,2024-06-12T07:51:19Z,False,gu
Kangana Ranaut,,ટ્વિટરે કંગના રનૌતનું હેન્ડલ ફરી સક્રિય કર્યું.,Zabih Ullah Khan Khattak,2022-11-04T07:24:30Z,,vishvasnews.com,ફેક્ટ ચેક : ટ્વિટરે કંગના રનૌતનું ટ્વિટર એકાઉન્ટ ફરીથી શરૂ કર્યાના વાયરલ થયેલા સ્ક્રીનશોટ નકલી છે - Vishvas News,https://www.vishvasnews.com/gujarati/viral/fact-check-this-twitter-handle-does-not-belong-to-actor-kangana-ranout-viral-claim-is-fake/,2022-11-04T07:24:30Z,False,gu
Kangana Ranaut,,#KanganaRanaut celebrating #SwarnimVijayVarsh with BSF The victory of #1971War #BSFWithBangladesh1971 #VijayDiwas,Amazing Akuti,2021-12-17T07:55:23Z,,vishvasnews.com,fact-check-kangana-ranaut-did-not-celebrate-vijay-diwas-with-bsf-jawans-4-year-old-picture-went-viral-with-false-claim/,https://www.vishvasnews.com/gujarati/politics/fact-check-kangana-ranaut-did-not-celebrate-vijay-diwas-with-bsf-jawans-4-year-old-picture-went-viral-with-false-claim-2/,2021-12-31T11:31:04Z,Half true,gu
ICC,,ICC વર્લ્ડ કપ મોદીજી ભારતીય ટીમ સાથે હાથ મિલાવી રહ્યા છે.,ફેસબુક યુઝર- Sachin Rathour,2023-11-24T10:55:11Z,,vishvasnews.com,Fact Check: અમદાવાદ ટેસ્ટ મેચના વીડિયોને વર્લ્ડ કપ 2023નો જણાવીને કરવામાં આવી રહ્યો છે વાયરલ-Fact Check: The video of Ahmedabad Test match is being made viral by saying World Cup 2023,https://www.vishvasnews.com/gujarati/viral/fact-check-the-video-of-ahmedabad-test-match-is-being-made-viral-by-saying-world-cup-2023/,2023-11-24T10:55:11Z,Half true,gu
temple,,શિરડી સાંઈ મંદિર ટ્રસ્ટે મુસ્લિમોને હજ કરવા માટે રૂ. 35 કરોડની ભેટ આપી છે.,FB User- Manoj Vohra,2024-02-29T10:32:57Z,,vishvasnews.com,"Fact Check : શિરડી સાંઈ મંદિર ટ્રસ્ટે હજ માટે નથી આપ્યા રૂ.35 કરોડ, ફેક મેસેજ ફરી થયો વાયરલ-Fact Check: Shirdi Sai Mandir Trust did not give Rs.35 crore for Hajj, fake message went viral again",https://www.vishvasnews.com/gujarati/viral/fact-check-shirdi-sai-mandir-trust-did-not-give-rs-35-crore-for-hajj-fake-message-went-viral-again/,2024-02-29T10:32:57Z,False,gu
Muslim,,યોગેન્દ્ર યાદવ મુસ્લિમ હૈ,Facebook User Laxman Pai,2023-06-07T10:57:00Z,,vishvasnews.com,"Fact Check: મુસ્લિમ નહીં, હિન્દુ છે યોગેન્દ્ર યાદવ, એડિટેડ વીડિયો વાયરલ - Vishvas News",https://www.vishvasnews.com/gujarati/viral/fact-check-post-claiming-yogendra-yadav-is-muslim-is-fake-viral-video-is-edited/,2023-06-07T10:57:00Z,False,gu
Muslim,,તેમના મુસ્લિમ મિત્રો આ રીતે છોકરીઓને ફસાવે છે,Veer Bahadur Singh,2021-12-27T11:05:02Z,,vishvasnews.com,fact-check-awareness-video-is-viral-with-fake-communal-angle,https://www.vishvasnews.com/gujarati/politics/fact-check-awareness-video-is-viral-with-fake-communal-angle-2/,2021-12-27T11:05:02Z,False,gu
Bihar,,તમિલનાડુથી બિહાર પરત ફરી રહેલા મજૂરોનો વીડિયો,FB User-Dynamo Zams Gaming,2023-04-05T07:22:45Z,,vishvasnews.com,Fact Check: તમિલનાડુથી હિન્દીભાષી પરપ્રાંતિય શ્રમિકોના પલાયનના દાવા સાથે વાયરલ થઈ રહેલો વીડિયો પલામુ એક્સપ્રસનો છે - Vishvas News,https://www.vishvasnews.com/gujarati/viral/fact-check-video-of-palamu-express-running-between-bihar-and-jharkhand-is-being-shared-with-false-claims/,2023-04-05T07:22:45Z,Half true,gu
ખોટો દાવો,,બ્રાહ્મણ જાતિ માટે અપશબ્દ બોલવા પર હવે લાગુ થશે એટ્રોસિટી એક્ટ,Facebook User- Sudhir Vyas,2024-06-24T05:35:39Z,,vishvasnews.com,Fact Check: બ્રાહ્મણોને અપશબ્દ કહેવા પર એટ્રોસિટી એક્ટ લાગુ ...,https://www.vishvasnews.com/gujarati/viral/fact-check-false-claim-of-implementation-of-atrocity-act-on-insulting-brahmins-goes-viral-again/,2024-06-24T05:35:39Z,False,gu
अध्यक्ष,,મલ્લિકાર્જુન ખડગેનો આ વીડિયો કોંગ્રેસ અધ્યક્ષ બન્યા પછીનો છે.,આહિર કેતન,2022-10-24T06:48:39Z,,vishvasnews.com,"ફેક્ટ ચેક : મલ્લિકાર્જુન ખડગેનો આ વીડિયો 2018નો છે, હાલનો નથી - Vishvas News",https://www.vishvasnews.com/gujarati/viral/fact-check-2018-video-of-mallikarjun-kharge-viral-as-recent/,2022-10-24T06:48:39Z,Half true,gu
पानी,,નીતા અંબાણી વિશ્વનું સૌથી મોંઘુ પાણી પીવે છે,Fb User -Talwar Ranga Swamy,2021-11-16T00:00:00Z,,vishvasnews.com,Fact Check: વિશ્વની સૌથી મોંઘી બોટલમાં પાણી પીતા નીતા અંબાણીની આ તસવીર એડિટ કરવામાં આવી છે - Vishvas News,https://www.vishvasnews.com/gujarati/viral/fact-check-nita-ambani-edited-photo-of-most-expensive-bottle-is-getting-viral-3/,2021-11-25T00:00:00Z,False,gu
वीडियो,,પુલાવામા હુમલાનો વીડિયો,રેસર સાગર,2023-02-08T15:39:18Z,,vishvasnews.com,Fact Check : બગદાદમાં વર્ષ 2007માં થયેલ ઘટનાના વીડિયોને પુલવામા હુમલાનો કહીને કરવામાં આવી રહ્યો છે શેર - Vishvas News,https://www.vishvasnews.com/gujarati/viral/fact-check-baghdad-video-goes-viral-as-pulwama-attack/,2023-02-08T15:39:18Z,False,gu
गांधी,,દાવો કરવામાં આવી રહ્યો છે કે ગાંધીજીની સામે કોઈ છોકરી બેઠી છે.,FB User: Avishek Kumar,2023-10-04T06:01:38Z,,vishvasnews.com,Fact Check: મહાત્મા ગાંધીની તસવીરને એડિટ કરીને ખોટા દાવાની સાથે કરવામાં આવી રહી છે વાયરલ-Fact Check: Mahatma Gandhi's picture is being edited and made viral with false claims,https://www.vishvasnews.com/gujarati/viral/fact-check-mahatma-gandhis-picture-is-being-edited-and-made-viral-with-false-claims/,2023-10-04T06:01:38Z,False,gu
સાથે,,આ તસવીરમાં પંડિત નેહરુ સાથે દેખાતી મહિલાનું નામ એડવિના છે.,ફેસબુક યુઝર- અસીસ દુબે,2023-02-17T05:18:31Z,,vishvasnews.com,Fact Check: વાયરલ તસવીરમાં પંડિત જવાહરલાલ નેહરુની સાથે એડવિના ...,https://www.vishvasnews.com/gujarati/politics/fact-check-post-claiming-about-edwina-with-pandit-jawaharlal-nehru-is-fake/,2023-02-17T05:18:31Z,False,gu
સાથે,,આ કાશ્મીરમાં આવેલા તાજેતરના પૂરનો વીડિયો છે.,ફેસબુક યુઝર-  Barber Xubbi,2024-05-08T11:50:09Z,,vishvasnews.com,Fact Check: કાશ્મીરમાં 2014માં આવેલા પૂરના વીડિયોને ભ્રામક દાવાની ...,https://www.vishvasnews.com/gujarati/viral/fact-check-videos-of-2014-floods-in-kashmir-are-being-shared-with-misleading-claims/,2024-05-08T11:50:09Z,Half true,gu
સાથે,,"બોલિવૂડના દિગ્ગજ અભિનેતા ધર્મેન્દ્રજીએ હેમા માલિનીની સાથે ઉજવ્યો તેમનો જન્મદિવસ, પરંતુ કોઈએ તેમને જન્મદિવસની શુભેચ્છા પાઠવી નહીં.",ફેસબુક પેજ - Social Gyan,2024-03-20T13:12:09Z,,vishvasnews.com,Fact Check: હેમા માલિની અને ધર્મેન્દ્ર દેઓલની જૂની તસવીર ભ્રામક ...,https://www.vishvasnews.com/gujarati/viral/fact-check-hema-malini-and-dharmendra-deols-old-picture-goes-viral-with-misleading-claims/,2024-03-20T13:12:09Z,Half true,gu
સાથે,,મોદીજીએ નમાજ અદા કરતી વખતે ભક્તોના નાક કાપી નાખ્યા,Sunil Kumar Yadav,2022-03-31T11:24:21Z,,vishvasnews.com,Fact Check: વડાપ્રધાન નરેન્દ્ર મોદીની આ તસવીર નકલી હોવાના દાવા ...,https://www.vishvasnews.com/gujarati/politics/fact-check-edited-picture-of-pm-modi-offering-prayer-going-viral/,2022-03-31T11:24:21Z,False,gu
સાથે,,1967 ના 'ધ હિન્દુ'ના આર્કાઇવ પેજમાં ઇન્દિરા ગાંધીની સોનું ન ખરીદવાની અપીલ દર્શાવવામાં આવી છે.,X User-@Macrobysunil,2026-05-19T06:55:17Z,,vishvasnews.com,Fact Check: 1967માં સોનું ન ખરીદવાના ઇન્દિરા ગાંધીના દાવા સાથે ...,https://www.vishvasnews.com/gujarati/politics/fact-check-archive-page-of-the-hindu-viral-with-indira-gandhis-claim-of-not-buying-gold-in-1967-is-fake/,2026-05-19T06:55:17Z,False,gu
સાથે,,બૉલીવુડ કલાકારોએ કર્યો પરાજયનો બૉયકોટ,નરેન્દ્ર મેડી,2022-08-31T08:02:02Z,,vishvasnews.com,Fact Check: ફિલ્મ ઉદ્યોગ સાથે સંકળાયેલા લોકોનો 2018ના કોલાજ સાથે ...,https://www.vishvasnews.com/gujarati/viral/fact-check-bollywood-stars-did-not-boycotted-people-placards-are-edited/,2022-08-31T08:02:02Z,False,gu
સાથે,,તમને મળ્યું છે PhonePe તરફથી કૂપન. આજે જ પ્રાપ્ત....!! કરો,FB User- Pm-yojnaa,2024-03-20T07:52:39Z,,vishvasnews.com,Fact Check: ફોન પે અને ગૂગલ પેના નામે કેશબેક જીતવાના મેસેજની સાથે ...,https://www.vishvasnews.com/gujarati/viral/fact-check-phishing-link-viral-with-message-to-win-cashback-in-the-name-of-phone-pay-and-google-pay-dont-click-even-by-mistake/,2024-03-20T07:52:39Z,False,gu
સાથે,,ધીરેન્દ્ર શાસ્ત્રી દારૂ પીધા પછી પોતાની જાતને અપશબ્દો કહી રહ્યા છે,X User- AmjadAs,2024-12-02T06:46:04Z,,vishvasnews.com,Fact Check: બાગેશ્વર ધામના ધીરેન્દ્ર શાસ્ત્રીનો એક વૃદ્ધ વ્યક્તિ ...,https://www.vishvasnews.com/gujarati/viral/fact-check-a-video-of-bageshwar-dhams-dhirendra-shastri-joking-with-an-old-man-has-gone-viral-with-false-claims/,2024-12-02T06:46:04Z,Half true,gu
પોલીસ,,દિગ્વિજય સિંહે સુંદરકાંડનો વિરોધ કર્યો છે.,ફેસબુક યૂઝર- 'Vikas Tomar Chote Thakur (ઠાકુર સાહેબ),2024-07-30T07:16:55Z,,vishvasnews.com,Fact Check: પોલીસ સ્ટેશનમાં સુંદરકાંડના પાઠને લઈને દિગ્વિજય સિંહે ...,https://www.vishvasnews.com/gujarati/politics/fact-check-digvijay-singh-protested-about-sundarkand-lesson-in-police-station-incomplete-video-went-viral/,2024-07-30T07:16:55Z,Half true,gu
પહેલા,,ઉદ્યોગપતિઓ અંતા પેટાચૂંટણી માટે વાહનો મોકલી રહ્યા છે.,Facebook User- જીતુ આલુદા.,2025-10-28T10:17:24Z,,vishvasnews.com,Fact Check : રાજસ્થાનના અંતા પેટાચૂંટણી પહેલા વાહનોની આ વાયરલ ...,https://www.vishvasnews.com/gujarati/ai-check/fact-checkthis-viral-image-of-vehicles-ahead-of-rajasthans-anta-by-election-was-created-using-ai/,2025-10-28T10:17:24Z,False,gu
ટકા,,WHO એ ચેતવણી જારી કરી છે કે ભારતમાં 2025 સુધીમાં 87 ટકા લોકો ભેળસેળયુક્ત દૂધને કારણે કેન્સરના દર્દીઓ બની જશે.,Thread User- khanabid809070,2024-10-03T09:36:44Z,,vishvasnews.com,Fact Check: WHO નો દાવો કે 2025 સુધીમાં દેશમાં 87% લોકોને દૂધમાં ભેળસેળને કારણે કેન્સર થશે તે ખોટો છે-WHO's claim that by 2025 87% of people in the country will get cancer due to adulterated milk is false,https://www.vishvasnews.com/gujarati/viral/fact-check-whos-claim-that-by-2025-87-of-people-in-the-country-will-get-cancer-due-to-adulterated-milk-is-false/,2024-10-03T09:36:44Z,False,gu
સરકાર,,2000 રૂપિયાથી વધુના UPI પર GST લાગશે.,FB User-Vijay Kumar,2025-05-01T12:35:06Z,,vishvasnews.com,Fact Check: 2000 રૂપિયાથી વધુના UPI વ્યવહારો પર GST દાવો એક ...,https://www.vishvasnews.com/gujarati/business/fact-check-gst-claim-on-upi-transactions-above-rs-2000-is-a-rumour-government-is-not-considering-any-such-proposal/,2025-05-01T12:35:06Z,False,gu
સરકાર,,સરકાર ધોનીના નામે રૂ. 7નો સિક્કો લોન્ચ કરવા જઈ રહી છે,Inst user mrtaufik005,2024-11-19T09:52:02Z,,vishvasnews.com,Fact Check: સરકાર ધોનીના નામનો 7 રૂપિયાનો સિક્કો બહાર નહીં પાડે ...,https://www.vishvasnews.com/gujarati/sports/fact-check-govt-wont-issue-rs-7-coin-with-dhonis-name-viral-claim-false/,2024-11-19T09:52:02Z,False,gu
સરકાર,,ગર્ભવતી મહિલાઓને દર મહિને મળશે 36000 રુપિયા,ઈન્સ્ટાગ્રામ યુઝર ‘government.jobs.india’,2024-03-18T12:07:14Z,,vishvasnews.com,Fact Check: સરકાર નથી આપી રહી ગર્ભવતી મહિલાઓને દર મહિને ...,https://www.vishvasnews.com/gujarati/viral/225393fact-check-government-is-not-giving-36000-rupees-per-month-to-pregnant-women-fake-claim-goes-viral/,2024-03-18T12:07:14Z,False,gu
પાણી,,વિશ્વની સૌથી મોંઘી બોટલમાંથી પાણી પીતા નીતા અંબાણીની તસવીર,Facebook User Fact Taz,2024-11-13T10:37:47Z,,vishvasnews.com,Fact Check: વિશ્વની સૌથી મોંઘી બોટલમાંથી પાણી પીતા નીતા અંબાણીની ...,https://www.vishvasnews.com/gujarati/viral/fact-check-the-viral-picture-of-nita-ambani-drinking-water-from-the-worlds-most-expensive-bottle-is-fake/,2024-11-13T10:37:47Z,False,gu
ભારત,,'કૌશલ ભારત કુશળ ભારત યોજના'ની લિંક.,ફેસબુક યુઝર રોજગાર સૂચના મંત્રાલય,2023-11-21T06:08:41Z,,vishvasnews.com,Fact Check : 'કૌશલ ભારત કુશળ ભારત યોજના'ના નામે ફેક લિંક થઈ ...,https://www.vishvasnews.com/gujarati/viral/fact-check-a-fake-link-in-the-name-of-koushal-bharat-kushal-bharat-yojana-has-gone-viral/,2023-11-21T06:08:41Z,False,gu
ભારત,,ભારતમાં થયેલી ટ્રેન દુર્ઘટનાનો વીડિયો,ફેસબુક યુઝર મદન દમાર,2023-08-25T11:35:33Z,,vishvasnews.com,"Fact Check: ભારત નહીં, ઈન્ડોનેશિયામાં થયેલી ટ્રેન દુર્ઘટનાનો છે આ ...",https://www.vishvasnews.com/gujarati/viral/fact-check-train-accident-video-is-not-of-india-but-indonesia/,2023-08-25T11:35:33Z,False,gu
લાખ,,KBC દ્વારા 25 લાખ રૂપિયાની લૉટરી,ફેસબુક યુઝર -KBC રાણા પ્રતાપ સિંહ,2023-12-15T05:54:43Z,,vishvasnews.com,Fact Check: KBCના નામે ફેક લૉટરીનો દાવો ફરીથી થયો વાયરલ-Fact Check: The fake lottery claim in the name of KBC has gone viral again,https://www.vishvasnews.com/gujarati/viral/fact-check-the-fake-lottery-claim-in-the-name-of-kbc-has-gone-viral-again/,2023-12-15T05:54:43Z,False,gu
રૂપિયા,,100 રૂપિયાની નવી નોટો બંધ કરવામાં આવી રહી છે.,G user Banbari Atal,2024-09-26T10:25:48Z,,vishvasnews.com,Fact Check : રૂ. 100ની નોટો પર પ્રતિબંધ હોવાનો નકલી દાવો વાયરલ થયો છે- The fake claim of banning Rs 100 notes has gone viral,https://www.vishvasnews.com/gujarati/viral/fact-check-the-fake-claim-of-banning-rs-100-notes-has-gone-viral/,2024-09-26T10:25:48Z,False,gu
રૂપિયા,,31 માર્ચ 2024ના પછી માન્ય અને ચલણમાં નહીં રહે 100 રૂપિયાની જૂની નોટ.,Tipline User,2023-12-28T05:46:22Z,,vishvasnews.com,"Fact Check: 31 માર્ચ 2024થી 100 રૂપિયાની જૂની નોટોના અમાન્ય થવાનો દાવો ફેક અને માત્ર અફવા -Fact Check: Claim of invalidation of old Rs 100 notes from March 31, 2024 is fake and just a rumour.",https://www.vishvasnews.com/gujarati/business/fact-check-claim-of-invalidation-of-old-rs-100-notes-from-march-31-2024-is-fake-and-just-a-rumour/,2023-12-28T05:46:22Z,False,gu
રૂપિયા,,લંડન ભાગતા પહેલા વિજય માલ્યા દ્વારા ભાજપના પાર્ટી ફંડમાં આપવામાં આવ્યો હતો 35 કરોડ રૂપિયાનો ચેક .,ફેસબુક યુઝર - વિજેન્દર સાગર,2023-11-09T06:37:06Z,,vishvasnews.com,"Fact Check: વિજય માલ્યાએ ભારત છોડતા પહેલા ભાજપને 35 કરોડ રૂપિયા, ફેક પોસ્ટ ફરી વાયરલ-Fact Check: Vijay Mallya gave Rs 35 crore to BJP before leaving India, fake post goes viral again",https://www.vishvasnews.com/gujarati/viral/fact-check-vijay-mallya-gave-rs-35-crore-to-bjp-before-leaving-india-fake-post-goes-viral-again/,2023-11-09T06:37:06Z,False,gu
રૂપિયા,,કપિલ શર્મા શૉની ટિકિટની કિંમસ 4999 રૂપિયા છે,FB User: Boachker Sanjay Kumar,2023-09-27T06:54:10Z,,vishvasnews.com,"Fact Check: કપિલ શર્મા શૉનું શૂટિંગ જોવા માટે આપવા પડતા નથી પૈસા, 4,999 રૂપિયાની ટિકિટનો દાવો ખોટો- Fact Check: You don't have to pay to watch the shooting of The Kapil Sharma Show, the claim of Rs 4,999 ticket is wrong",https://www.vishvasnews.com/gujarati/viral/fact-check-you-dont-have-to-pay-to-watch-the-shooting-of-the-kapil-sharma-show-the-claim-of-rs-4999-ticket-is-wrong/,2023-09-27T06:54:10Z,False,gu
રૂપિયા,,"શિરડી સાંઈ ટ્રસ્ટે હજ કમિટીને 35 કરોડ રૂપિયાનું દાન આપ્યું છે, જ્યારે રામ મંદિર માટે એક પણ રૂપિયો દાનમાં આપવામાં આવ્યો નથી.",FB User-પીડી અગ્રવાલ,2023-05-16T05:44:11Z,,vishvasnews.com,"Fact Check: શિરડી સાંઈ ટ્રસ્ટે હજ કમિટીને નથી આપ્યું કોઈ દાન, ખોટો દાવો વાયરલ - Vishvas News",https://www.vishvasnews.com/gujarati/viral/fact-check-post-claiming-shirdi-sai-trust-donated-35-crore-rupees-to-hajj-committee-is-fake/,2023-05-16T05:44:11Z,False,gu
નવી,,ટૂંક સમયમાં બહાર પાડવામાં આવશે 2000ની નોટ,FB User-Apan Karuli Rj,2023-06-07T10:45:19Z,,vishvasnews.com,Fact Check: શું RBI બહાર પાડશે 1000 રૂપિયાની નવી નોટ? જાણો વાયરલ ...,https://www.vishvasnews.com/gujarati/viral/fact-check-post-claim-that1000-notes-are-reintroduce-is-fake/,2023-06-07T10:45:19Z,False,gu
મોત,,Superstar actor Jitendra is dead,Web site names Gyansankhya,2023-07-31T06:55:52Z,,vishvasnews.com,"Fact Check: એકદમ સ્વસ્થ છે દિગ્ગજ બોલિવૂડ અભિનેતા જિતેન્દ્ર, તેમના નિધનને લઈને વાયરલ થઈ રહેલો દાવો ભ્રામક છે",https://www.vishvasnews.com/gujarati/entertainment/fact-check-post-claiming-that-actor-jitendra-is-died-is-fake/,2023-07-31T06:55:52Z,False,gu
વાયરલ ફોટો,,વિરાટ કોહલીએ પાકિસ્તાનના ધ્વજ પર હસ્તાક્ષર કર્યા.,ફેસબુક વપરાશકર્તા -Manoj Kumar.,2025-10-31T10:54:32Z,,vishvasnews.com,Fact Check: પાકિસ્તાની ધ્વજ પર હસ્તાક્ષર કરતો વિરાટ કોહલીનો ...,https://www.vishvasnews.com/gujarati/ai-check/fact-check-viral-photo-of-virat-kohli-signing-the-pakistani-flag-is-fake/,2025-10-31T10:54:32Z,False,gu
વાયરલ ફોટો,,કિયારા અડવાણીની મહેંદી સેરેમનીની તસવીર.,ફેસબુક યૂઝર ન્યૂઝ ગોસિપ,2023-02-13T05:04:46Z,,vishvasnews.com,Fact Check: કિયારા અડવાણીની મહેંદી સેરેમનીનો નથી આ વાયરલ ફોટો ...,https://www.vishvasnews.com/gujarati/viral/fact-check-pictures-of-kiara-advani-does-not-related-to-her-mehandi-ceremony/,2023-02-13T05:04:46Z,Half true,gu
