query,query_lang,claim_text,claimant,claim_date,claim_date_parsed,claim_year,claim_month,publisher_name,publisher_domain,review_title,review_url,review_date,rating,rating_clean,language,language_name,claim_char_len,claim_word_len,detected_script,has_claimant,data_source
NEET,curated,"ભાજપ સાંસદ કંગનાએ કહ્યું કે હિન્દુઓ ખતરામાં છે, આપણે NEET પેપર લીક કેસને બદલે તેમના પર ધ્યાન કેન્દ્રિત કરવું જોઈએ.",FB User Rizwan Hatimm,2026-06-04T11:12:24Z,2026-06-04 11:12:24+00:00,2026.0,6.0,,vishvasnews.com,Fact Check: NEET પેપર લીક કેસમાં કાર્યવાહી અટકાવવા અને હિન્દુઓ પર ધ્યાન કેન્દ્રિત કરવા અંગે કંગના રનૌતનું નિવેદન ખોટું છે,https://www.vishvasnews.com/gujarati/entertainment/fact-check-kangana-ranauts-statement-about-stalling-action-and-focusing-on-hindus-in-neet-paper-leak-case-is-false/,2026-06-04T11:12:24Z,False,false,gu,Gujarati,114,20,gujarati,True,google_factcheck_api
UPSC,curated,લોકસભાના સ્પીકર ઓમ બિરલાની પુત્રી અંજલિએ UPSC પરીક્ષા વગર પરીક્ષા પાસ કરી,ફેસબુક યૂઝર અભિષેક સિંહ કુશવાહ,2023-04-17T09:20:05Z,2023-04-17 09:20:05+00:00,2023.0,4.0,,vishvasnews.com,Fact Check : ઓમ બિરલાની પુત્રી અંજલીને લઈને ફરીથી વાયરલ થઈ નકલી પોસ્ટ - Vishvas News,https://www.vishvasnews.com/gujarati/viral/fact-check-om-birla-daughter-post-about-ias-going-viral-with-fake-claim/,2023-04-17T09:20:05Z,False,false,gu,Gujarati,73,12,gujarati,True,google_factcheck_api
नौकरी,curated,"રાજસ્થાનના બીજેપી જાલોર લોકસભા વિસ્તારના સાંસદ દેવજી પટેલ છે. જુઓ હવે મોંઘવારી,બેરોજગારી, સરકારી નોકરી મળે ના મળે. મોંઘવારી ચરમસીમા પર છે, બેરોજગારી વધી રહી છે, ભાજપા કહી રહી છે. સહુનો સાથ સહુનો વિકાસ પરંતુ, હવે આને શું કહેવું",અખિલેશ યાદવ કે દિવાને,2022-09-04T08:34:39Z,2022-09-04 08:34:39+00:00,2022.0,9.0,,vishvasnews.com,Fact Check : ભાજપ સાંસદની છબી ખરાબ કરવા પાકિસ્તાનના વીડિયોનો ઉપયોગ કરવામાં આવતા ચકચાર - Vishvas News,https://www.vishvasnews.com/gujarati/viral/fact-check-video-of-pakistan-viral-with-fake-claim-as-bjp-rajasthan-mp/,2022-09-04T08:34:39Z,False,false,gu,Gujarati,226,38,gujarati,True,google_factcheck_api
नौकरी,curated,રતન ટાટાએ જેએનયૂના વિદ્યાર્થીઓને નોકરી ન આપવાનો નિર્ણય લીધો.,ફેસબુક યૂઝરૃ અર્જુન ગુર્જર,2022-09-23T12:15:48Z,2022-09-23 12:15:48+00:00,2022.0,9.0,,vishvasnews.com,fact check fake statement of ratan tata about jnu is gettting viral- ફેક્ટ ચેક: શું રતન ટાટાએ જેએનયૂના વિદ્યાર્થીઓને નોકરી આપવાની ના પાડી? જાણો વાયરલ પોસ્ટનું સત્ય,https://www.vishvasnews.com/gujarati/viral/fact-check-fake-statement-of-ratan-tata-about-jnu-is-gettting-viral/,2022-09-23T12:15:48Z,Half true,unknown,gu,Gujarati,60,9,gujarati,True,google_factcheck_api
RBI,curated,"Old notes of Rs 100, 10 and 5 may go out of circulation after March: RBI",Khidmati Safar,2021-02-27T07:52:25Z,2021-02-27 07:52:25+00:00,2021.0,2.0,,vishvasnews.com,"Fact Check: આરબીઆઈ 100 રૂપિયા, 10 રૂપિયા અને 5 રૂપિયાની જૂની નોટો પાછા લઈ રહ્યા નથી, વાયરલ પોસ્ટ નકલી છે - Vishvas News",https://www.vishvasnews.com/gujarati/viral/fact-check-no-rbi-is-not-going-to-stop-the-circulation-of-rs-100-rs-10-and-rs-5-notes/,2021-02-27T07:52:25Z,False,false,gu,Gujarati,72,16,latin,True,google_factcheck_api
PhonePe,curated,તમે જીત્યા 999 INR... Phonepe સ્ક્રેચ કૂપન...અભિનંદન,ફેસબુક યુઝર- Pannorra,2024-07-17T05:50:52Z,2024-07-17 05:50:52+00:00,2024.0,7.0,,vishvasnews.com,Fact Check: PhonePe અને Jioના નામે કેશબેક જીતવાનો દાવો કરતી વાયરલ લિંક ફેક-Fake viral link claiming to win cashback in the name of PhonePe and Jio,https://www.vishvasnews.com/gujarati/viral/fact-check-fake-viral-link-claiming-to-win-cashback-in-the-name-of-phonepe-and-jio/,2024-07-17T05:50:52Z,False,false,gu,Gujarati,52,7,gujarati,True,google_factcheck_api
WhatsApp,curated,ઓલ ઈન્ડિયા સિમ કાર્ડ whatsapp imo લકી ડ્રો,Facebook User,2021-12-14T00:00:00Z,2021-12-14 00:00:00+00:00,2021.0,12.0,,vishvasnews.com,"Fact Check : 'કૌન બનેગા કરોડપતિ'ના નામે ફેક મેસેજ વાયરલ થઈ રહ્યો છે, સાવચેત રહો - Vishvas News",https://www.vishvasnews.com/gujarati/viral/fact-check-%E0%AA%95%E0%AB%8C%E0%AA%A8-%E0%AA%AC%E0%AA%A8%E0%AB%87%E0%AA%97%E0%AA%BE-%E0%AA%95%E0%AA%B0%E0%AB%8B%E0%AA%A1%E0%AA%AA%E0%AA%A4%E0%AA%BF%E0%AA%A8%E0%AA%BE-%E0%AA%A8%E0%AA%BE%E0%AA%AE/,2021-12-14T00:00:00Z,False,false,gu,Gujarati,42,8,gujarati,True,google_factcheck_api
Facebook,curated,ફેસબુક યુઝર મનીષ પટેલ,"લેટર અનુસાર, ભાજપે શિવરાજસિંહને બનાવ્યા મુખ્યમંત્રી",2023-12-13T06:44:59Z,2023-12-13 06:44:59+00:00,2023.0,12.0,,vishvasnews.com,Fact Check: મધ્યપ્રદેશના મુખ્યમંત્રીના નામે ફેક લેટર વાયરલ-Fact Check: Fake letter in the name of Madhya Pradesh Chief Minister goes viral,https://www.vishvasnews.com/gujarati/viral/fact-check-fake-letter-in-the-name-of-madhya-pradesh-chief-minister-goes-viral/,2023-12-13T06:44:59Z,False,false,gu,Gujarati,21,4,gujarati,True,google_factcheck_api
Facebook,curated,ફેસબુક યુઝર Johar Uddin,Jio ફ્રીમાં 999 રૂપિયા આપી રહ્યું છે,2022-12-30T07:05:37Z,2022-12-30 07:05:37+00:00,2022.0,12.0,,vishvasnews.com,"ફેક્ટ ચેક : Jio નથી આપી રહ્યું ફ્રીમાં કોઈ પૈસા, આવા મેસેજ પર વિશ્વાસ ન કરો - Vishvas News",https://www.vishvasnews.com/gujarati/society/fact-check-jio-is-not-giving-free-scheme-post-is-fake/,2022-12-30T07:05:37Z,False,false,gu,Gujarati,23,4,gujarati,True,google_factcheck_api
Facebook,curated,"ફેસબુક યુઝર રાવ પંકજે કેપ્શન સાથે વાયરલ તસવીર શેર કરી, ""માઈનસ 10 ડિગ્રી સેન્ટિગ્રેડમાં, કેદારનાથ યાત્રા બંધ થયા પછી પણ કેદારનાથ ધામના દરબારમાં એક સાધુ મહારાજ તપસ્યા કરી રહ્યા છે.. #હરહરમહાદેવ ..સત્ય સનાતન ધર્મ કી જય.",Rao Pankaj,2022-11-18T10:18:26Z,2022-11-18 10:18:26+00:00,2022.0,11.0,,vishvasnews.com,"ફેક્ટ ચેકઃ આ તસવીર કેદારનાથમાં તપસ્યા કરી રહેલા સાધુની નથી, વાયરલ દાવો ખોટો છે - Vishvas News",https://www.vishvasnews.com/gujarati/viral/fact-check-viral-photo-saint-doing-penance-is-not-from-kedarnath-claim-is-fake/,2022-11-18T10:18:26Z,False,false,gu,Gujarati,216,36,gujarati,True,google_factcheck_api
Facebook,curated,ફેસબુક પેજ એક ભારત શ્રેષ્ઠ ભારત,ફેસબુક પેજ એક ભારત શ્રેષ્ઠ ભારત,2023-02-13T04:52:47Z,2023-02-13 04:52:47+00:00,2023.0,2.0,,vishvasnews.com,"Fact Check: છત્તીસગઢના માં ચંડી દેવી મંદિરમાં સેંકડો વર્ષોથી ચઢાવવામાં આવી રહી છે ચાદર, ખોટો છે વાયરલ પોસ્ટનો દાવો - Vishvas News",https://www.vishvasnews.com/gujarati/society/fact-check-post-claiming-about-maa-chandi-mandir-is-misleading/,2023-02-13T04:52:47Z,Half true,unknown,gu,Gujarati,31,6,gujarati,True,google_factcheck_api
ડીપફેક,curated,આજતક ચેનલના એન્કર ચિત્રા ત્રિપાઠી કેન્દ્ર સરકારની ટીકા કરી રહ્યા છે.,ફેસબુક યૂઝર અખિલેશ યાદવ મિશન 2027 (INDIA),2024-03-11T12:30:49Z,2024-03-11 12:30:49+00:00,2024.0,3.0,,vishvasnews.com,Fact Check: ન્યૂઝ એન્કર ચિત્રા ત્રિપાઠીનો ડીપફેક વીડિયો થયો વાયરલ ...,https://www.vishvasnews.com/gujarati/viral/fact-check-deepfake-video-of-news-anchor-chitra-tripathi-has-gone-viral/,2024-03-11T12:30:49Z,False,false,gu,Gujarati,68,11,gujarati,True,google_factcheck_api
ડીપફેક,curated,વિરાટ કોહલીએ કર્યું ગેમિંગ એપનું પ્રમોશન,ફેસબુક યુઝર- U68 0412B,2024-05-22T06:56:21Z,2024-05-22 06:56:21+00:00,2024.0,5.0,,vishvasnews.com,Fact Check: વિરાટ કોહલીએ નથી કર્યું આ ગેમિંગ એપનું પ્રમોશન ...,https://www.vishvasnews.com/gujarati/viral/fact-check-virat-kohli-did-not-promote-this-gaming-app-the-audio-has-been-replaced-with-deepfake-technology/,2024-05-22T06:56:21Z,False,false,gu,Gujarati,40,6,gujarati,True,google_factcheck_api
राम,curated,આ વીડિયો અયોધ્યાના રામ મંદિરમાં એક પુજારી દાનની 'ચોરી' કરતો હોય તેવો છે.,Insta User- iindian_affairs,2026-06-24T10:46:31Z,2026-06-24 10:46:31+00:00,2026.0,6.0,,vishvasnews.com,"Fact Check: મંદિરના દાનમાંથી પૈસા 'ચોરી' કરવાનો આ વીડિયો બેંગલુરુનો છે, અયોધ્યાના રામ મંદિરનો નહીં",https://www.vishvasnews.com/gujarati/viral/fact-check-this-video-of-stealing-money-from-temple-donations-is-from-bengaluru-not-ayodhyas-ram-temple/,2026-06-24T10:46:31Z,False,false,gu,Gujarati,72,13,gujarati,True,google_factcheck_api
राम,curated,મુસ્લિમ ન્યૂઝ એન્કરે અયોધ્યાના રામ મંદિરમાં રામલલાની મૂર્તિ વિશે રિપોર્ટિંગ કરતી વખતે પોતાના બૂટ ઉતારી દીધા,ફેસબુક યુઝર કુમાર ધનજંય વત્સ,2024-02-15T07:46:33Z,2024-02-15 07:46:33+00:00,2024.0,2.0,,vishvasnews.com,Fact Check: રામલલાના સમાચારને ઉઘાડા પગે વાંચનાર એન્કર એચ. આર રંગનાથ મુસ્લિમ નહીં હિન્દુ છે-Fact Check: Anchor H who read the news of Ramlala barefoot. R Ranganath is a Hindu not a Muslim,https://www.vishvasnews.com/gujarati/viral/fact-check-anchor-h-who-read-the-news-of-ramlala-barefoot-r-ranganath-is-a-hindu-not-a-muslim/,2024-02-15T07:46:33Z,Half true,unknown,gu,Gujarati,107,16,gujarati,True,google_factcheck_api
राम,curated,સાંવરિયા શેઠ મંદિર માંડફિયા ટ્રસ્ટે રામ મંદિરના નિર્માણ માટે રૂ. 50 કરોડ આપ્યા છે.,FB USER Mukesh Gurjar Mukesj,2024-01-19T06:54:55Z,2024-01-19 06:54:55+00:00,2024.0,1.0,,vishvasnews.com,"ફેક્ટ ચેક : સાંવરિયા સેઠ મંદિર મંડફિયા ટ્રસ્ટે રામ મંદિરના નિર્માણ માટે 50 કરોડ રૂપિયાનું દાન નથી આપ્યું, વાયરલ દાવો ખોટો-Fact Check: Sawariya Seth Mandir Mandafia Trust did not donate Rs 50 crore for construction of Ram Mandir, viral claim false",https://www.vishvasnews.com/gujarati/viral/fact-check-sawariya-seth-mandir-mandafia-trust-did-not-donate-rs-50-crore-for-construction-of-ram-mandir-viral-claim-false/,2024-01-19T06:54:55Z,False,false,gu,Gujarati,82,14,gujarati,True,google_factcheck_api
राम,curated,"આ રામ મંદિરનો વીડિયો છે, જેની જાન્યુઆરીમાં પ્રાણ-પ્રતિષ્ઠા થવાની છે.",FB User: Pradip Acharjee Nirob (টিকলু),2023-12-28T05:56:59Z,2023-12-28 05:56:59+00:00,2023.0,12.0,,vishvasnews.com,Fact Check: હૈદરાબાદના રામોજી ફિલ્મ સ્ટૂડિયોના વીડિયોને રામ મંદિરનો જણાવીને કરાઈ રહ્યો છે વાયરલ-Fact Check: The video of Hyderabad's Ramoji Film Studio is being made viral by referring to Ram Mandir.,https://www.vishvasnews.com/gujarati/viral/fact-check-the-video-of-hyderabads-ramoji-film-studio-is-being-made-viral-by-referring-to-ram-mandir/,2023-12-28T05:56:59Z,False,false,gu,Gujarati,68,10,gujarati,True,google_factcheck_api
राम,curated,"USAએ નવી કાર લૉન્ચ કરી છે, જેની બ્રાન્ડનું નામ ભગવાન રામ છે.",ફેસબુક યુઝર,2023-08-24T10:46:05Z,2023-08-24 10:46:05+00:00,2023.0,8.0,,vishvasnews.com,Fact Check: શું અમેરિકી કંપનીએ ભગવાન રામના નામ પર લૉન્ચ કરી કાર? જાણો વાયરલ દાવાનું સત્ય,https://www.vishvasnews.com/gujarati/world/fact-check-post-claiming-american-company-named-car-after-name-ram-lord-is-fake/,2023-08-24T10:46:05Z,False,false,gu,Gujarati,60,12,gujarati,True,google_factcheck_api
राम,curated,રામ મંદિરનું ઉદ્ઘાટન 1 જાન્યુઆરી 2023ના રોજ થશે,FB user Rajesh Sharma,2022-11-27T10:55:58Z,2022-11-27 10:55:58+00:00,2022.0,11.0,,vishvasnews.com,"ફેક્ટ ચેકઃ 1 જાન્યુઆરી 2023ના રોજ રામ મંદિરનું ઉદ્ઘાટન નહીં થાય, વાયરલ દાવો ખોટો - Vishvas News",https://www.vishvasnews.com/gujarati/viral/fact-check-ram-temple-will-not-be-inaugurated-on-first-january-2023/,2022-11-27T10:55:58Z,False,false,gu,Gujarati,47,8,gujarati,True,google_factcheck_api
રામ,curated,મહાકુંભમાં પહોંચેલી પ્રિયંકા ચોપરાની તસવીર,Radha Yadav,2025-02-04T07:44:20Z,2025-02-04 07:44:20+00:00,2025.0,2.0,,vishvasnews.com,"Fact Check: પ્રિયંકા ચોપરાની વાયરલ તસવીર મહાકુંભની નહીં, રામ મંદિર ...",https://www.vishvasnews.com/gujarati/entertainment/fact-check-priyanka-chopras-viral-picture-is-not-of-mahakumbh-but-of-ram-mandir-darshan/,2025-02-04T07:44:20Z,Half true,unknown,gu,Gujarati,42,5,gujarati,True,google_factcheck_api
રામ,curated,રામ મંદિરના 14 કિલોમીટરના દાયરામાં ઉઘાડા પગે રહેશે આ સમાજના લોકો,ફેસબુક યુઝર રંજીત કુમાર યાદવ,2024-02-07T07:06:21Z,2024-02-07 07:06:21+00:00,2024.0,2.0,,vishvasnews.com,Fact Check: રામ મંદિરના નામે CM યોગીને લઈને ફેક પોસ્ટ વાયરલ-Fact ...,https://www.vishvasnews.com/gujarati/viral/fact-check-fake-post-viral-about-cm-yogi-in-the-name-of-ram-temple/,2024-02-07T07:06:21Z,False,false,gu,Gujarati,64,11,gujarati,True,google_factcheck_api
કૃષ્ણ,curated,શિવરાજ સિંહ ચૂંટણી બાદ પહોંચ્યા બાગેશ્વર ધામ સરકારને મળવા,ઈન્સ્ટાગ્રામ યુઝર અર્જુન રાજપૂત,2023-12-07T06:10:44Z,2023-12-07 06:10:44+00:00,2023.0,12.0,,vishvasnews.com,Fact Check: શિવરાજ સિંહ ચૌહાણ અને ધીરેન્દ્ર કૃષ્ણ શાસ્ત્રીની ...,https://www.vishvasnews.com/gujarati/politics/fact-check-7-months-old-video-of-shivraj-singh-chauhan-and-dhirendra-krishna-shastris-meeting-now-viral/,2023-12-07T06:10:44Z,Half true,unknown,gu,Gujarati,57,9,gujarati,True,google_factcheck_api
Pakistan,curated,પાકિસ્તાનના મંત્રી બિલાવલ ભુટ્ટો 'બેશરમ રંગ' ગીત પર ડાન્સ કરી રહ્યા છે.,ફેસબુક યૂઝર મનોજ કુમાર,2023-05-16T05:33:19Z,2023-05-16 05:33:19+00:00,2023.0,5.0,,vishvasnews.com,"ફેક્ટ ચેકઃ SCO સમિટમાં બિલાવલ ભુટ્ટોના ડાન્સના નામે પાકિસ્તાની વિદ્યાર્થીનો વાયરલ વીડિયો, નકલી દાવા સાથે વીડિયો ફરી વાયરલ - Vishvas News",https://www.vishvasnews.com/gujarati/politics/fact-check-man-dancing-in-video-is-not-bilawal-bhutto-post-claim-is-fake/,2023-05-16T05:33:19Z,False,false,gu,Gujarati,71,12,gujarati,True,google_factcheck_api
Pakistan,curated,ભારત સામે હાર્યા પછી પાકિસ્તાનમાં ટીવી ફોડી નાખવાના અહેવાલો છે,કેશવ કુમારે,2022-09-04T08:00:29Z,2022-09-04 08:00:29+00:00,2022.0,9.0,,vishvasnews.com,Fact Check: ટીવી તોડવાનો દાવો કરતા પાકિસ્તાની ક્રિકેટ ચાહકોની વાયરલ તસવીર અમદાવાદની છે - Vishvas News,https://www.vishvasnews.com/gujarati/viral/fact-check-old-picture-of-fans-breaking-tv-viral-after-the-recent-india-pakistan-match/,2022-09-04T08:00:29Z,Half true,unknown,gu,Gujarati,62,10,gujarati,True,google_factcheck_api
Shah Rukh Khan,curated,શાહરૂખ ખાન સાથે ફિલ્મ પઠાણ જોઈ રહેલા અંબાણી પરિવારના સભ્યો.,FB User- Qureshi Arman,2023-01-28T11:55:31Z,2023-01-28 11:55:31+00:00,2023.0,1.0,,vishvasnews.com,Fact Check: શાહરૂખ ખાનની સાથે અંબાણી પરિવારની તસવીરને પઠાણ ફિલ્મ સાથે નથી કોઈ સંબંધ - Vishvas News,https://www.vishvasnews.com/gujarati/viral/fact-check-shahrukh-khans-selfie-with-ambani-family-is-not-related-to-film-pathan/,2023-01-28T11:55:31Z,False,false,gu,Gujarati,59,10,gujarati,True,google_factcheck_api
Salman Khan,curated,સલમાન ખાન અને સની દેઓલ બેગેશ્વર ધામ ગયા.,ફેસબુક યૂઝર બાગેશ્વરધામ સરકાર,2023-05-23T07:50:52Z,2023-05-23 07:50:52+00:00,2023.0,5.0,,vishvasnews.com,"Fact Check: સલમાન અને સની દેઓલ ક્યારેય નથી ગયા બાગેશ્વર ધામ, જૂના વીડિયોને ખોટા દાવા સાથે કરાયા વાયરલ - Vishvas News",https://www.vishvasnews.com/gujarati/viral/fact-check-sunny-deol-salman-never-visited-bageshwar-dham-old-videos-going-viral-with-fake-claim/,2023-05-23T07:50:52Z,False,false,gu,Gujarati,40,8,gujarati,True,google_factcheck_api
Virat Kohli,curated,એલ્વિશ યાદવે બિગ બોસ જીત્યા બાદ વિરાટ કોહલી સાથે કરી મુલાકાત.,ફેસબુક યુઝર -Bablu Babu Yadav,2023-09-13T05:12:52Z,2023-09-13 05:12:52+00:00,2023.0,9.0,,vishvasnews.com,Fact Check: વિરાટ કોહલીની સાથે એલ્વિશ યાદવની વાયરલ તસવીર છે એડિટેડ-Fact Check: viral photo of Elvis Yadav's and Virat Kohli is edited,https://www.vishvasnews.com/gujarati/viral/fact-check-viral-photo-of-elvis-yadavs-and-virat-kohli-is-edited/,2023-09-13T05:12:52Z,False,false,gu,Gujarati,61,11,gujarati,True,google_factcheck_api
,,690થી શરૂ થતા બારકોડ સ્ટીકર્સ મેડ ઈન ચાઈનીઝ પ્રોડક્ટ છે અને 890થી શરૂ થતા બારકોડ સ્ટીકર્સ મેડ ઈન ઇન્ડિયા પ્રોડક્ટ છે.,twitter user,2020-05-14T00:00:00Z,2020-05-14 00:00:00+00:00,2020.0,5.0,gujarati.newschecker.in,gujarati.newschecker.in,,https://gujarati.newschecker.in/fact-checks/does-an-890-prefix-in-a-bar-code-indicate-that-the-product-is-made-in-india/,2020-06-22T00:00:00Z,partly true/misleading,misleading,gu,Gujarati,117,21,gujarati,True,xfact_2021
,,"ભાજપના 4 MP, 1 MLA અને 21 અન્ય નેતાઓ TMCમાં જોડાવા જઈ રહ્યા છે.",twitter user,2020-08-04T00:00:00Z,2020-08-04 00:00:00+00:00,2020.0,8.0,gujarati.newschecker.in,gujarati.newschecker.in,,https://gujarati.newschecker.in/fact-checks/kailash-vijayvargiya-dismisses-rumours-about-bjp-mps-joining-tmc/,2020-08-06T00:00:00Z,false,false,gu,Gujarati,63,14,gujarati,True,xfact_2021
,,"गुजरात मॉडल में रेल की पटरी पर पैदल चलने वाले मजदूरों से हफ्ता वसूल हो रही है, ये कैसा गुजरात मॉडल, #गुजरातरेलवेपुलिस #गुजरात_मॉडल",twitter user,2020-05-10T00:00:00Z,2020-05-10 00:00:00+00:00,2020.0,5.0,gujarati.newschecker.in,gujarati.newschecker.in,,,2020-05-12T00:00:00Z,partly true/misleading,misleading,gu,Gujarati,130,23,devanagari,True,xfact_2021
,,કોરોના વાઈરસ ને કારણે IPL-2020 બંધ રહેશે,facebook user,2020-03-12T00:00:00Z,2020-03-12 00:00:00+00:00,2020.0,3.0,gujarati.newschecker.in,gujarati.newschecker.in,,,2020-03-14T00:00:00Z,partly true/misleading,misleading,gu,Gujarati,40,7,gujarati,True,xfact_2021
,,ભારતીય સેનાએ ગલવાન નદી પરનો પુલ બનાવી લીધો જેને ચીન રોકવા માંગતું હતું,facebook user,2020-07-20T00:00:00Z,2020-07-20 00:00:00+00:00,2020.0,7.0,gujarati.newschecker.in,gujarati.newschecker.in,,https://gujarati.factcrescendo.com/no-this-is-not-the-image-of-recently-bridge-built-on-galwan-river-by-indian-military/,2020-07-01T00:00:00Z,partly true/misleading,misleading,gu,Gujarati,70,13,gujarati,True,xfact_2021
,,India’s First Animal Bridges In Delhi-Mumbai Expressway To Protect Animals From Getting Hit. thanks PM,twitter user,2020-10-16T00:00:00Z,2020-10-16 00:00:00+00:00,2020.0,10.0,gujarati.newschecker.in,gujarati.newschecker.in,,,2020-10-20T00:00:00Z,false,false,gu,Gujarati,102,15,latin,True,xfact_2021
,,"કોરોના એક વાયરસ નથી પરંતુ બેક્ટેરિયા છે, જેનો ઈલાજ ખુબજ સરળ છે.",Sharechat,2020-09-18T00:00:00Z,2020-09-18 00:00:00+00:00,2020.0,9.0,gujarati.newschecker.in,gujarati.newschecker.in,,https://www.bbc.com/gujarati/international-51833748,2020-09-23T00:00:00Z,false,false,gu,Gujarati,63,12,gujarati,True,xfact_2021
,,શ્રી રામ નગરી અયોધ્યા ની સજાવટ જયશ્રીરામ,facebook user,2020-07-24T00:00:00Z,2020-07-24 00:00:00+00:00,2020.0,7.0,gujarati.newschecker.in,gujarati.newschecker.in,,,2020-07-28T00:00:00Z,partly true/misleading,misleading,gu,Gujarati,40,7,gujarati,True,xfact_2021
,,कोई भी यकीन नहीं करेगा कि यह आज से सदियों पहले 1063 ईसवी में बनाया गया था ।,twitter user,2020-08-16T00:00:00Z,2020-08-16 00:00:00+00:00,2020.0,8.0,gujarati.newschecker.in,gujarati.newschecker.in,,,2020-08-18T00:00:00Z,partly true/misleading,misleading,gu,Gujarati,75,18,devanagari,True,xfact_2021
,,"કોરોનાના કેસ વઘતા બિહારે લોકડાઉન લંબાવ્યું, 1થી 16 ઓગસ્ટ સુધી લોકડાઉન રાખવા નિર્ણય",news website,2020-07-29T00:00:00Z,2020-07-29 00:00:00+00:00,2020.0,7.0,gujarati.newschecker.in,gujarati.newschecker.in,,https://xiaomi.dailyhunt.in/news/india/gujarati/tv9+gujarati-epaper-tvgujara/koronana+kes+vaghata+bihare+lokadaun+lambavyu+1thi+16+ogast+sudhi+lokadaun+rakhava+nirnay-newsid-n202439000?mode=wap,2020-07-31T00:00:00Z,false,false,gu,Gujarati,82,13,gujarati,True,xfact_2021
,,કોવિડ મેડિકલ કીટ ઘરે આવશ્યક:,facebook user,2020-07-09T00:00:00Z,2020-07-09 00:00:00+00:00,2020.0,7.0,gujarati.newschecker.in,gujarati.newschecker.in,,,2020-07-22T00:00:00Z,partly true/misleading,misleading,gu,Gujarati,28,5,gujarati,True,xfact_2021
,,कुछ तो था इनकी बात में,twitter user,2020-09-20T00:00:00Z,2020-09-20 00:00:00+00:00,2020.0,9.0,gujarati.newschecker.in,gujarati.newschecker.in,,,2020-09-21T00:00:00Z,partly true/misleading,misleading,gu,Gujarati,22,6,devanagari,True,xfact_2021
,,प्रधानमंत्री मोदी जी की इस फोटो को देखकर देश का हर व्यक्ति इनकी तुलना हिटलर से कर रहा है जिसने पूरे विश्व को वर्ल्ड वार मैं झोंक दिया था,Twitter user,2020-11-01T00:00:00Z,2020-11-01 00:00:00+00:00,2020.0,11.0,gujarati.newschecker.in,gujarati.newschecker.in,,,2020-11-05T00:00:00Z,partly true/misleading,misleading,gu,Gujarati,136,29,devanagari,True,xfact_2021
,,"આનો લાંબા ગાળે ફાયદો થશે, આવા મેસેજ ચાલુ કરી દેવા છે કે વાર છે???",Facebook user,2020-11-01T00:00:00Z,2020-11-01 00:00:00+00:00,2020.0,11.0,gujarati.newschecker.in,gujarati.newschecker.in,,,2020-11-02T00:00:00Z,partly true/misleading,misleading,gu,Gujarati,65,14,gujarati,True,xfact_2021
,,"નિર્દોષ અને માસુમ ગર્ભવતી હાથણી, ની અંતિમ વિધિ ભગવાન તેને અને તેના અજન્માં બચ્ચાં ની આત્મા ને ચિર શાંતિ અર્પે, ૐ શાંતિ",facebook user,2020-06-09T00:00:00Z,2020-06-09 00:00:00+00:00,2020.0,6.0,gujarati.newschecker.in,gujarati.newschecker.in,,,2020-06-17T00:00:00Z,partly true/misleading,misleading,gu,Gujarati,118,22,gujarati,True,xfact_2021
,,"ગંગામાં સ્નાન કરવાથી, યમુના-જળનું આચમન કરવાથી, જ્યારે નર્મદાના માત્ર દર્શનથી પાપ ધોવાઇ જાય છે. લો.... ત્યારે આજે, મધ્યપ્રદેશમાં આવેલા જબલપુર સીટી થી 25 કિલોમીટર દૂર ભેડાઘાટ નામના આરસપહાણના પર્વત પરથી ધોધરૂપે નીચે પડતાં નર્મદા-જળના દર્શન કરો. આ ધોધને કારણે અહીં ધુમ્મસ ઉત્પન્ન થાય છે, જેથી આ ધોધને ધુંઆધાર ધોધ કહે છે.",facebook user,2020-07-25T00:00:00Z,2020-07-25 00:00:00+00:00,2020.0,7.0,gujarati.newschecker.in,gujarati.newschecker.in,,https://gujarati.newschecker.in/fact-checks/the-waterfall-in-karnataka-has-gone-viral-with-the-misleading-claim-that-the-narmada-river-falls/,2020-07-27T00:00:00Z,partly true/misleading,misleading,gu,Gujarati,316,51,gujarati,True,xfact_2021
,,sp સહીત કેટલાય પોલીસ કર્મી ને ગોળીએ દેનાર વિકાસ દુબે લગભગ બધી પાર્ટીઓ સાથે કામ કરે છે..,facebook user,2020-07-04T00:00:00Z,2020-07-04 00:00:00+00:00,2020.0,7.0,gujarati.newschecker.in,gujarati.newschecker.in,,,2020-07-06T00:00:00Z,partly true/misleading,misleading,gu,Gujarati,87,17,gujarati,True,xfact_2021
,,"જો કોઈની માતા કે બહેનએ પોતાનો ફોટોનો ડીપી WhatsApp પર પોસ્ટ કર્યો હોય, તો તરત જ તેને બદલવા માટે કહો",facebook user,2020-07-07T00:00:00Z,2020-07-07 00:00:00+00:00,2020.0,7.0,gujarati.newschecker.in,gujarati.newschecker.in,,https://gujarati.factcrescendo.com/the-message-that-chinese-hackers-do-not-keep-whatsapp-dp-is-false/,2020-07-11T00:00:00Z,partly true/misleading,misleading,gu,Gujarati,99,20,gujarati,True,xfact_2021
,,भक्तो की बुआ पाकिस्तान में भी है,facebook user,2020-08-05T00:00:00Z,2020-08-05 00:00:00+00:00,2020.0,8.0,gujarati.newschecker.in,gujarati.newschecker.in,,,2020-08-12T00:00:00Z,partly true/misleading,misleading,gu,Gujarati,32,7,devanagari,True,xfact_2021
,,મધ્યપ્રદેશના પૂર્વ CM દિગ્વિજય સિંહ અને કોંગ્રેસ નેતાની પુત્રી શ્રેયાંશી સિંહ ભાજપમાં જોડાઈ છે.,news channel,2020-10-04T00:00:00Z,2020-10-04 00:00:00+00:00,2020.0,10.0,gujarati.newschecker.in,gujarati.newschecker.in,,https://itel.dailyhunt.in/news/india/gujarati/newschecker+gujarati-epaper-nwschgu/konges+neta+digvijay+sinhana+putri+shreyanshi+sinh+bhajapama+jodaya+hovano+bhramak+davo+vayaral-newsid-n220457634?pgs=N&pgn=0&,2020-10-08T00:00:00Z,false,false,gu,Gujarati,95,14,gujarati,True,xfact_2021
,,the law of this country is only for poor people,Facebook user,2020-10-09T00:00:00Z,2020-10-09 00:00:00+00:00,2020.0,10.0,gujarati.newschecker.in,gujarati.newschecker.in,,,2020-10-11T00:00:00Z,false,false,gu,Gujarati,47,10,latin,True,xfact_2021
,,"अगर हमारी सरकार गिरी तो पूरे देश में आग लगा दूंगा — योगी आदित्यनाथ, नादान ये देश तेरे बाप का है...?",twitter user,2020-01-09T00:00:00Z,2020-01-09 00:00:00+00:00,2020.0,1.0,gujarati.newschecker.in,gujarati.newschecker.in,,,2020-02-28T00:00:00Z,partly true/misleading,misleading,gu,Gujarati,99,21,devanagari,True,xfact_2021
,,આ વીડિયોમાં એવું સ્પષ્ટ પણે દેખાઈ આવે છે….કે અમેરિકાના રાષ્ટ્રપતિ ડોનાલ્ડ ટ્રમ્પના પત્ની અમેરિકાના પૂર્વ રાષ્ટ્રપતિ ઓબામાને ગિફ્ટ આપે છે…જે ગિફ્ટ ઓબામા સ્વીકારવા ખાતર સ્વીકારી લે છે….અને પછી થોડાક આગળ જઈને એ ગિફ્ટને તેઓ ફેંકી દે છે….અને ત્યાંથી ચાલ્યા જાય છે,twitter user,2020-06-06T00:00:00Z,2020-06-06 00:00:00+00:00,2020.0,6.0,gujarati.newschecker.in,gujarati.newschecker.in,,https://www.bbc.com/gujarati/international-54960667,2020-06-13T00:00:00Z,partly true/misleading,misleading,gu,Gujarati,258,41,gujarati,True,xfact_2021
,,सोशल मीडिया ने दिखाई अपनी ताकत... गुजरात मंत्री का बेटा गिरफ्तार। देश की जाँबाज़ बेटी सुनीता यादव का इस्तीफा ना मंजूर.,twitter user,2020-07-13T00:00:00Z,2020-07-13 00:00:00+00:00,2020.0,7.0,gujarati.newschecker.in,gujarati.newschecker.in,,,2020-07-14T00:00:00Z,partly true/misleading,misleading,gu,Gujarati,118,21,devanagari,True,xfact_2021
,,"कंगना राणावत के सम्मान में, 1000 गाड़ियों के साथ करणी सेना महाराष्ट्र रवाना। जय भवानी जय राजपूताना। अब देखो हमारी ताकत।।। जय श्रीराम",twitter user,2020-09-09T00:00:00Z,2020-09-09 00:00:00+00:00,2020.0,9.0,gujarati.newschecker.in,gujarati.newschecker.in,,,2020-09-10T00:00:00Z,partly true/misleading,misleading,gu,Gujarati,132,23,devanagari,True,xfact_2021
,,"ऐसा बनेगा अयोध्या में प्रभु श्री राम जी का भव्य मंदिर देखते हैं कितने भारतीय खुश हैं..जो नही भी खुश है..,उन्हें जय श्रीराम",facebook user,2020-07-29T00:00:00Z,2020-07-29 00:00:00+00:00,2020.0,7.0,gujarati.newschecker.in,gujarati.newschecker.in,,,2020-08-11T00:00:00Z,false,false,gu,Gujarati,122,23,devanagari,True,xfact_2021
,,લીલાવતી હોસ્પિટલ મુંબઇ ના ડોક્ટરે સાફ શબ્દો માં જે કહ્યુ તે સાંભળો .,facebook user,2020-07-19T00:00:00Z,2020-07-19 00:00:00+00:00,2020.0,7.0,gujarati.newschecker.in,gujarati.newschecker.in,,,2020-07-20T00:00:00Z,partly true/misleading,misleading,gu,Gujarati,68,13,gujarati,True,xfact_2021
,,"યસ બેંક ડૂબવાના કારણે જે 18,238 કર્મચારીઓ નોકરી ગુમાવશે તેમાં 17,000 હિંદુ છે. બોલો જય શ્રીરામ",facebook user,2020-03-07T00:00:00Z,2020-03-07 00:00:00+00:00,2020.0,3.0,gujarati.newschecker.in,gujarati.newschecker.in,,,2020-03-13T00:00:00Z,partly true/misleading,misleading,gu,Gujarati,94,16,gujarati,True,xfact_2021
,,"पीएम श्री @narendramodi जी को दुनिया की सबसे लंबी राजमार्ग सुरंग 'अटल सुरंग' के लिए बधाई। यह सुरंग देश की सीमाओं की रक्षा करने में महत्वपूर्ण भूमिका निभाएगी।मनाली व लेह के बीच की दूरी भी 4 से 5 घंटे कम हो जाएगी,अर्थव्यवस्था और पर्यटन क्षेत्र को बढ़ावा मिलेगा।",twitter users,2020-10-03T00:00:00Z,2020-10-03 00:00:00+00:00,2020.0,10.0,gujarati.newschecker.in,gujarati.newschecker.in,,,2020-10-05T00:00:00Z,false,false,gu,Gujarati,259,48,devanagari,True,xfact_2021
,,मुम्बई मलाड के दूर्गा पूजा पांडाल में भजन बंद करवाकर जेहादी असलम बोला!,twitter user,2020-10-18T00:00:00Z,2020-10-18 00:00:00+00:00,2020.0,10.0,gujarati.newschecker.in,gujarati.newschecker.in,,,2020-10-18T00:00:00Z,false,false,gu,Gujarati,70,13,devanagari,True,xfact_2021
,,1000 કામ સાઇડ મા મૂકી ને આ ઓડિયો ક્લિપ ને તમારા માટે અને તમારા પરિવાર ની ભલાઈ માટે સાંભળો,facebook user,2020-08-23T00:00:00Z,2020-08-23 00:00:00+00:00,2020.0,8.0,gujarati.newschecker.in,gujarati.newschecker.in,,https://www.bbc.com/gujarati/international-52533851,2020-08-25T00:00:00Z,false,false,gu,Gujarati,89,19,gujarati,True,xfact_2021
,,કંગના રાણાવત શું કહી રહી છે જુઓ મિત્રો યે ઝાંસી કી રાની ક્યા મેરી ચાચી લગતી હૈ ??તેની નજર માં ઝાંસી ની રાણી ની કેટલી ઈજ્જત છે તે આપ જોઈ શકો છો હવે શું કહેશો અંધ ભક્તો ?,facebook user,2020-09-12T00:00:00Z,2020-09-12 00:00:00+00:00,2020.0,9.0,gujarati.newschecker.in,gujarati.newschecker.in,,https://gujarati.factcrescendo.com/tag/%E0%AA%9C%E0%AA%BE%E0%AA%82%E0%AA%B8%E0%AB%80-%E0%AA%95%E0%AB%80-%E0%AA%B0%E0%AA%BE%E0%AA%A3%E0%AB%80/,2020-09-14T00:00:00Z,partly true/misleading,misleading,gu,Gujarati,168,38,gujarati,True,xfact_2021
,,आखिर सच्च कबूल कर ही लिया मेरे देश के जवान मारे जा रहें हैं मैं देख रहा हूँ हिंदुस्तान सर झुका रहा है ऐसा दर्द कभी देखा नहीं। भारत इस तरह से असहायता का अनुभव करे इससे बड़ा दुर्भाग्य और कोई नहीं।इसके लिए पूरी तरह केंद्र सरकार को ज़िम्मेवार मानता हूँ-,twitter user,2020-06-18T00:00:00Z,2020-06-18 00:00:00+00:00,2020.0,6.0,gujarati.newschecker.in,gujarati.newschecker.in,,,2020-06-18T00:00:00Z,partly true/misleading,misleading,gu,Gujarati,249,51,devanagari,True,xfact_2021
,,"આર્ટિકલ 30 : મદરેસામાં કુરાન ભણાવવામાં આવશે !, આર્ટિકલ 30(અ ) : શાળામાં ગીતા ભણાવવામાં આવશે",twitter user,2020-02-17T00:00:00Z,2020-02-17 00:00:00+00:00,2020.0,2.0,gujarati.newschecker.in,gujarati.newschecker.in,,https://gujarati.newschecker.in/fact-checks/quran-can-be-taught-in-the-madarsas/,2020-03-05T00:00:00Z,partly true/misleading,misleading,gu,Gujarati,91,16,gujarati,True,xfact_2021
,,"જુવો અમેરિકા માં વોલમાર્ટ આગળ લાગી લાઈનો. આપણા ત્યાં નાની નાની કરિયાણાની દુકાનો હોવાથી આવી પરિસ્થિતિ નથી,જુવો અમેરિકનો ની દશા એટલે આવા મોલ માં ખરીદી બંધ કરો",facebook user,2020-04-05T00:00:00Z,2020-04-05 00:00:00+00:00,2020.0,4.0,gujarati.newschecker.in,gujarati.newschecker.in,,https://gujarati.factcrescendo.com/tag/mall/,2020-05-14T00:00:00Z,partly true/misleading,misleading,gu,Gujarati,156,27,gujarati,True,xfact_2021
,,વર્ષની સૌથી મોટી ભરતી કુલ 3114 જગ્યાઓ💥ભારત યુવા સશક્તિકરણ પ્રોજેક્ટ અંતર્ગત જિલ્લા અમલીકરણ એકમો માટે 📝ભરતી અંગેની જાહેરાત📝 ઓનલાઈન અરજી માટે જુઓ વેબસાઈટ👇 https://www.indiayep.org,website,2020-02-24T00:00:00Z,2020-02-24 00:00:00+00:00,2020.0,2.0,gujarati.newschecker.in,gujarati.newschecker.in,,,2020-02-24T00:00:00Z,partly true/misleading,misleading,gu,Gujarati,177,24,gujarati,True,xfact_2021
,,લડાખ વિવાદમાં શહીદ થયેલ કર્નલ સંતોષ બાબુની દીકરી દ્વારા તેમને શ્રદ્ધાંજલી અપાઈ,twitter user,2020-06-17T00:00:00Z,2020-06-17 00:00:00+00:00,2020.0,6.0,gujarati.newschecker.in,gujarati.newschecker.in,,https://gujarati.newschecker.in/fact-checks/misleading-image-viral-as-daughter-of-martyr-santosh-babu/,2020-06-19T00:00:00Z,partly true/misleading,misleading,gu,Gujarati,78,12,gujarati,True,xfact_2021
,,જે ધારા સભ્ય ને કોર્ટે ગેરલાયક ઠેરવ્યા હતા. જેવો 8 પાસ હોવા છતાં શિક્ષણ મંત્રી છે જેમના નેતૃત્વ માં આજે શિક્ષણ ખાડે ગયું છે,facebook user,2020-09-24T00:00:00Z,2020-09-24 00:00:00+00:00,2020.0,9.0,gujarati.newschecker.in,gujarati.newschecker.in,,https://infinix.dailyhunt.in/news/india/gujarati/newschecker+in+gujarati-epaper-nwschgu/gujaratana+shikshan+mantri+matr+8+dhoran+pas+hovano+bhramak+davo+vayaral+jano+shu+chhe+saty-newsid-n218616866,2020-09-30T00:00:00Z,partly true/misleading,misleading,gu,Gujarati,123,24,gujarati,True,xfact_2021
,,"મુંબઈમાં ભારે વરસાદ થી ચારે તરફ પાણી પાણી ફરી વળ્યાં , સીલિંક ખાતે પાણી ભરાયા",facebook user,2020-08-06T00:00:00Z,2020-08-06 00:00:00+00:00,2020.0,8.0,gujarati.newschecker.in,gujarati.newschecker.in,,https://gujarati.factcrescendo.com/2017-old-video-from-lakshdweep-shared-as-high-tide-an-mumbais-sea-link/,2020-08-07T00:00:00Z,false,false,gu,Gujarati,77,15,gujarati,True,xfact_2021
,,सरदार पटेल की प्रतिमा आए 3000 करोड पर ज्ञान पेलने वाले चमचो... 2 साल मे प्रतिमा 4461 करोड़ रुपए की कमाई कर चुकी है।,twitter user,2020-02-28T00:00:00Z,2020-02-28 00:00:00+00:00,2020.0,2.0,gujarati.newschecker.in,gujarati.newschecker.in,,,2020-02-29T00:00:00Z,partly true/misleading,misleading,gu,Gujarati,115,24,devanagari,True,xfact_2021
,,કોરોના ઈફેક્ટસ પશ્ચિમ બંગાળમાં વિનાશક વાવાઝોડા નો વિડિઓ વાયરલ રોડ પર મોટા મોટા ટ્રકો તથા કન્ટેએનર ઉલ્ટા પડી ગયા. એક બાજુ કોરોના તો બીજી બાજુ વિનાશક વાવાઝોડું અને બેગ્લોર માં આકાશ માં અજીબો ગરીબ અવાજો ઘરે રહો સલામત રહો,facebook user,2020-05-20T00:00:00Z,2020-05-20 00:00:00+00:00,2020.0,5.0,gujarati.newschecker.in,gujarati.newschecker.in,,,2020-05-22T00:00:00Z,partly true/misleading,misleading,gu,Gujarati,217,39,gujarati,True,xfact_2021
,,"નેપાળ બાદ હવે ભૂતાને ભારતની ચિંતા વધારી, આસામમાં સિંચાઈનું પાણી રોક્યું",twitter user,2020-06-26T00:00:00Z,2020-06-26 00:00:00+00:00,2020.0,6.0,gujarati.newschecker.in,gujarati.newschecker.in,,,2020-07-02T00:00:00Z,false,false,gu,Gujarati,71,11,gujarati,True,xfact_2021
,,"બાબા રામદેવે કોરોના વાઇરસથી બચવા ગૌમુત્રમાંથી રસી બનાવી અને પોતા ઉપર પ્રયોગ કર્યો ,યુરીનની અસરને કારણે યુરેસીમીયા થઇ જતાં તાત્કાલીક હોસ્પીટલમાં ભરતી કરવા પડયા.",facebook user,2020-03-13T00:00:00Z,2020-03-13 00:00:00+00:00,2020.0,3.0,gujarati.newschecker.in,gujarati.newschecker.in,,https://www.bbc.com/gujarati/international-51833748,2020-03-16T00:00:00Z,false,false,gu,Gujarati,159,24,gujarati,True,xfact_2021
,,"सुरत से आ रहें थे पैदल भुख बरदाश नहीं हुआ तो सूसाईट कर लिए इसकी जिम्मेदार भारत सरकार""",twitter user,2020-04-03T00:00:00Z,2020-04-03 00:00:00+00:00,2020.0,4.0,gujarati.newschecker.in,gujarati.newschecker.in,,,2020-05-27T00:00:00Z,partly true/misleading,misleading,gu,Gujarati,85,18,devanagari,True,xfact_2021
,,न्यूजीलैंड में भारतीय संस्कृति की महिमा।,facebook user,2020-08-19T00:00:00Z,2020-08-19 00:00:00+00:00,2020.0,8.0,gujarati.newschecker.in,gujarati.newschecker.in,,,2020-08-21T00:00:00Z,false,false,gu,Gujarati,40,6,devanagari,True,xfact_2021
,,ચાલો અમદાવાદમાં બહુ મોટી રથયાત્રા શરૂ ના થઈ.કોઇ અફસોસની વાત નથી. જેવો માહોલ. આપણે જોઈએ નયુઝીલેડ ની રથયાત્રા,facebook user,2020-06-28T00:00:00Z,2020-06-28 00:00:00+00:00,2020.0,6.0,gujarati.newschecker.in,gujarati.newschecker.in,,,2020-06-29T00:00:00Z,partly true/misleading,misleading,gu,Gujarati,107,18,gujarati,True,xfact_2021
,,ચાણોદ - મલ્હાર ઘાટ નું નયનરમ્ય દ્રશ્ય. નર્મદા નદી પોતાનાં અસલ સ્વરૂપમાં. નમો નમામી નર્મદે🙏🏻,Facebook user,2020-08-30T00:00:00Z,2020-08-30 00:00:00+00:00,2020.0,8.0,gujarati.newschecker.in,gujarati.newschecker.in,,https://ms-my.facebook.com/gujaratitraveller/videos/%E0%AA%9A%E0%AA%BE%E0%AA%A3%E0%AB%8B%E0%AA%A6-%E0%AA%AE%E0%AA%B2%E0%AB%8D%E0%AA%B9%E0%AA%BE%E0%AA%B0-%E0%AA%98%E0%AA%BE%E0%AA%9F-%E0%AA%A8%E0%AB%81%E0%AA%82-%E0%AA%A8%E0%AA%AF%E0%AA%A8%E0%AA%B0%E0%AA%AE%E0%AB%8D%E0%AA%AF-%E0%AA%A6%E0%AB%8D%E0%AA%B0%E0%AA%B6%E0%AB%8D%E0%AA%AF-%E0%AA%A8%E0%AA%B0%E0%AB%8D%E0%AA%AE%E0%AA%A6%E0%AA%BE-%E0%AA%A8%E0%AA%A6%E0%AB%80-%E0%AA%AA%E0%AB%8B%E0%AA%A4%E0%AA%BE%E0%AA%A8%E0%AA%BE%E0%AA%82-%E0%AA%85%E0%AA%B8%E0%AA%B2-%E0%AA%B8%E0%AB%8D%E0%AA%B5%E0%AA%B0%E0%AB%82%E0%AA%AA%E0%AA%AE%E0%AA%BE%E0%AA%82-%E0%AA%A8%E0%AA%AE%E0%AB%8B-%E0%AA%A8%E0%AA%AE%E0%AA%BE%E0%AA%AE%E0%AB%80-%E0%AA%A8/371322230698626/,2020-08-31T00:00:00Z,false,false,gu,Gujarati,91,15,gujarati,True,xfact_2021
,,ઉત્તરાખંડના જંગલમાં ભીષણ આગ લાગવાની ઘટના સાથે કેટલીક તસ્વીર અને વિડિઓ સોશ્યલ મીડિયા પર શેયર કરવામાં આવ્યા છે. આ ઘટના પર ટ્વીટર અને ફેસબુક પર અસંખ્ય લોકો દ્વારા પોસ્ટ કરવામાં આવી છે.,twitter user,2020-05-26T00:00:00Z,2020-05-26 00:00:00+00:00,2020.0,5.0,gujarati.newschecker.in,gujarati.newschecker.in,,https://gujarati.newschecker.in/fact-checks/uttarakhand-forest-fire-broke-out-in-srinagar-of-pauri-garhwal-district-today/,2020-05-29T00:00:00Z,partly true/misleading,misleading,gu,Gujarati,181,32,gujarati,True,xfact_2021
,,ગુજરાતના મુખ્યમંત્રી કોરોના સામે ની લડાઈમાં નિષ્ફળ ગયા છે જેથી હવે મંત્રી મનસુખ માંડવીયા નવા મુખ્યમંત્રી બનશે.,facebook viral post,2020-05-08T00:00:00Z,2020-05-08 00:00:00+00:00,2020.0,5.0,gujarati.newschecker.in,gujarati.newschecker.in,,https://zeenews.india.com/gujarati/gujarat/rupani-going-mansukh-mandvia-clarifies-after-rumors-on-social-media-93350,2020-05-08T00:00:00Z,partly true/misleading,misleading,gu,Gujarati,110,17,gujarati,True,xfact_2021
,,जो मुसलमान को गद्दार कहता है वह जरा देख ले भक्तों का बाप का नाम लिखा हुआ है,twitter user,2020-09-23T00:00:00Z,2020-09-23 00:00:00+00:00,2020.0,9.0,gujarati.newschecker.in,gujarati.newschecker.in,,,2020-09-25T00:00:00Z,false,false,gu,Gujarati,75,18,devanagari,True,xfact_2021
,,"આ છે છતીશગઢ઼ના કોંગ્રેસી મુખ્યમંત્રીના ઉપ-સચિવ, જે 2008 બેચના ઓફિસર હતા, ઈન્ક્મ ટેક્સ વિભાગને તેમના ઘરમાં રેઇડ કરી હતી, અધિકારીઓને 100 કરોડ કેશ અને 25 કિલો સોનુ અને અનેક પ્રોપર્ટીના કાગળો મળ્યા છે.",twitter user,2020-03-04T00:00:00Z,2020-03-04 00:00:00+00:00,2020.0,3.0,gujarati.newschecker.in,gujarati.newschecker.in,,https://gujarati.newschecker.in/tag/mp/feed/,2020-03-06T00:00:00Z,partly true/misleading,misleading,gu,Gujarati,197,33,gujarati,True,xfact_2021
,,કેન્દ્રિય ગૃહ મંત્રી અમિત શાહનો કોરોના રિપોર્ટ નેગેટિવ,twitter user,2020-08-09T00:00:00Z,2020-08-09 00:00:00+00:00,2020.0,8.0,gujarati.newschecker.in,gujarati.newschecker.in,,,2020-08-14T00:00:00Z,false,false,gu,Gujarati,54,8,gujarati,True,xfact_2021
,,મુકેશ અંબાણી JIO-G નામથી ટૂંક સમયમાં એક ગેમ લોન્ચ કરવા જઈ રહ્યા છે,twitter user,2020-09-02T00:00:00Z,2020-09-02 00:00:00+00:00,2020.0,9.0,gujarati.newschecker.in,gujarati.newschecker.in,,https://m.dailyhunt.in/news/india/gujarati/newschecker+in+gujarati-epaper-nwschgu/mukesh+ambani+dvara+jio+g+gem+lonch+karavani+jaherat+karavama+aavi+hovano+bhramak+davo+vayaral-newsid-n214568820,2020-09-13T00:00:00Z,partly true/misleading,misleading,gu,Gujarati,66,13,gujarati,True,xfact_2021
,,એક મુસ્લિમ યુવકે જૂઠું બોલીને એક હિન્દૂ છોકરીને ફસાવી તેની સાથે લગ્ન કર્યા....પછી હિન્દૂ છોકરીને હકીકતની જાણ થઈ તો મુસ્લિમ યુવક પહેલેથી જ પરણિત હતો અને એને બે સંતાનો પણ છે એવી...પછી હિન્દૂની છોકરીએ કરી જોયા જેવી...તે વીડિયોમાં જણાય છે...,facebook user,2020-10-22T00:00:00Z,2020-10-22 00:00:00+00:00,2020.0,10.0,gujarati.newschecker.in,gujarati.newschecker.in,,,2020-10-22T00:00:00Z,false,false,gu,Gujarati,237,40,gujarati,True,xfact_2021
,,ચલો ભાઈ પઠાણ નું પણ ટ્રેલર આવી ગયું છે શું કરવાનું છે એ તો આપ ને ખબર જ હશે ને ?,twitter user,2020-09-22T00:00:00Z,2020-09-22 00:00:00+00:00,2020.0,9.0,gujarati.newschecker.in,gujarati.newschecker.in,,https://gujarati.factcrescendo.com/fake-trailer-of-shahrukh-khans-pathan-film-went-viral/,2020-09-01T00:00:00Z,partly true/misleading,misleading,gu,Gujarati,79,21,gujarati,True,xfact_2021
,,"ટીપુ સુલતાન પર ફિલ્મ બની રહી છે, શાહરુખ ખાન લીડ રોલમાં જોવા મળશે. યૂટ્યૂબ પર એક આ ફિલ્મ પર એક ટ્રેઇલર અપલોડ કરવામાં આવ્યું છે, જેમાં શાહરુખ ખાન હીરો તરીકે જોવા મળે છે. સોશ્યલ મીડિયા પર આ ફિલ્મના પોસ્ટર સાથે ફિલ્મનો બહિષ્કાર કરવો વગેરે જેવા દાવા સાથે પોસ્ટ વાયરલ કરવામાં આવી છે.",facebook user,2020-05-05T00:00:00Z,2020-05-05 00:00:00+00:00,2020.0,5.0,gujarati.newschecker.in,gujarati.newschecker.in,,https://gujarati.newschecker.in/fact-checks/a-film-is-being-made-on-tipu-sultan-and-shahrukh-khan-in-the-lead-role/,2020-05-18T00:00:00Z,partly true/misleading,misleading,gu,Gujarati,277,52,gujarati,True,xfact_2021
,,ફ્રાન્સના પ્રખ્યાત ફૂટબોલર પોલ પોગ્બા ઇસ્લામ અંગે ફ્રેન્ચ રાષ્ટ્રપતિના નિવેદનના વિરોધમાં ફૂટબોલ રમતથી નિવૃત્ત થયા છે.,Facebook user,2020-10-28T00:00:00Z,2020-10-28 00:00:00+00:00,2020.0,10.0,gujarati.newschecker.in,gujarati.newschecker.in,,https://www.facebook.com/thinkeragujarati/posts/149189930232586?__xts__[0]=68.ARCoEhBNCef8f0ZDkD45ok7dIFJW-jndCupj_lz6aO-Ov1j95Titm47B-qM-YMrSEALs75xfhnNUf7ZwSYW1ET2OjbjUxJnKMEHJhUw_27JAyINsjzExZUG0-SpEBQQEdVC71c1KNI986j1hpVUdvsHYah86l-Tl5m4LWLeNJaf1MlLjQX1sjxwlANLmVgyTeIKZ9fZcZ4dQ4OAIxeXVQICZdu_NHmxNahbgh_fPVnr8O8QRNjlDV0W_0jk3OzQ0bZOlF9252WwZMWCGmiWBQX1BXGdR8xR4YVfks7kd-m1S2EUrnipc9gh6fs3RAgm5zWy1xcMlas_eqjd49ylS_m4,2020-10-29T00:00:00Z,false,false,gu,Gujarati,117,16,gujarati,True,xfact_2021
,,"य #प्रेमकांत हैं जो अपने #मुस्लिम पड़ोसी को बचाते हुवे बुरी तरह से जल गए थे, और वो अब इस दुनिया में नहीं रहे, प्रेमकांत हम आपके जज्बे को #सलाम करते हैं, आपने इंसानियत जिंदा रखी!",facebook user,2020-03-02T00:00:00Z,2020-03-02 00:00:00+00:00,2020.0,3.0,gujarati.newschecker.in,gujarati.newschecker.in,,,2020-03-02T00:00:00Z,partly true/misleading,misleading,gu,Gujarati,177,36,devanagari,True,xfact_2021
,,अयोध्या प्रभु श्री राम जी की मंदिर निर्माण का पहला तस्वीर है।,facebook user,2020-11-01T00:00:00Z,2020-11-01 00:00:00+00:00,2020.0,11.0,gujarati.newschecker.in,gujarati.newschecker.in,,,2020-11-01T00:00:00Z,partly true/misleading,misleading,gu,Gujarati,61,12,devanagari,True,xfact_2021
,,વિશ્વના સૌથી મોટા મોટેરા સ્ટેડિયમની એક ઝલક... કેપશન સાથે એક વિડિઓ વાયરલ કરવામાં આવ્યો છે.,whatsapp user,2020-02-25T00:00:00Z,2020-02-25 00:00:00+00:00,2020.0,2.0,gujarati.newschecker.in,gujarati.newschecker.in,,https://gujarati.newschecker.in/fact-checks/video-of-australias-stadium-goes-viral-with-a-glimpse-of-motera-stadium/,2020-02-25T00:00:00Z,partly true/misleading,misleading,gu,Gujarati,89,15,gujarati,True,xfact_2021
,,ગૂગલ પેનો ઉપયોગ કરતા પહેલા સાવધ રહેવું. કોઈપણ ચુકવણી સંબંધિત મુદ્દાઓ અથવા ગૂગલ પેને લીધે થતી છેતરપિંડી આરબીઆઈના કાર્યક્ષેત્રની બહાર હશે ..જરા સાવચેત રહેવું,twitter user,2020-06-25T00:00:00Z,2020-06-25 00:00:00+00:00,2020.0,6.0,gujarati.newschecker.in,gujarati.newschecker.in,,https://gujarati.newschecker.in/fact-checks/google-pay-clarifies-all-transaction-protected-by-redressal-processes-of-rbi/,2020-06-26T00:00:00Z,partly true/misleading,misleading,gu,Gujarati,155,24,gujarati,True,xfact_2021
,,70 सालो तक हमे पाकिस्तान का झंडा लहरा कर चिढ़ाया जाता था । कल करांची की रैली में हिंदुस्तान के झंडे लहराये गए,Twitter user,2020-10-20T00:00:00Z,2020-10-20 00:00:00+00:00,2020.0,10.0,gujarati.newschecker.in,gujarati.newschecker.in,,,2020-10-21T00:00:00Z,false,false,gu,Gujarati,109,23,devanagari,True,xfact_2021
,,पुलिस लाठी चार्ज करती नही सरकार करबाती हैं,Facerbook User,2020-10-13T00:00:00Z,2020-10-13 00:00:00+00:00,2020.0,10.0,gujarati.newschecker.in,gujarati.newschecker.in,,,2020-10-13T00:00:00Z,partly true/misleading,misleading,gu,Gujarati,42,8,devanagari,True,xfact_2021
,,बस इसी का इंतजार था!!,twitter user,2020-09-06T00:00:00Z,2020-09-06 00:00:00+00:00,2020.0,9.0,gujarati.newschecker.in,gujarati.newschecker.in,,,2020-09-07T00:00:00Z,false,false,gu,Gujarati,21,5,devanagari,True,xfact_2021
,,"હાથરસ (ઉત્તરપ્રદેશ) ની એક દીકરી પર ગેંગરેપ થાય, પીડિતા સાથે અકલ્પનિય વ્યવહાર થાય અને છેલ્લે અંતિમ શ્વાસ લીધો ત્યારબાદ અંતિમ સંસ્કારમાં પરિવાર મોઢું પણ ના ભાળે",facebook-twitter users,2020-10-01T00:00:00Z,2020-10-01 00:00:00+00:00,2020.0,10.0,gujarati.newschecker.in,gujarati.newschecker.in,,,2020-10-01T00:00:00Z,false,false,gu,Gujarati,158,26,gujarati,True,xfact_2021
,,"अमीर आदमी का इस देश में कोई कुछ नहीं बिगाड़ सकता चाहे वह कितना भी बड़ा चोर हो। , PNB fraud: Nirav Modi papers gutted in fire at Income Tax office",,2020-05-03T00:00:00Z,2020-05-03 00:00:00+00:00,2020.0,5.0,gujarati.newschecker.in,gujarati.newschecker.in,,https://gujarati.newschecker.in/fact-checks/pnb-fraud-nirav-modi-papers-gutted-in-fire-at-income-tax-office/,2020-05-05T00:00:00Z,partly true/misleading,misleading,gu,Gujarati,145,31,devanagari,False,xfact_2021
,,"સોશિયલ મીડિયા પર એક રતન ટાટા નામ પર એક દાવો વાયરલ કરવામાં આવ્યો છે, જે મુજબ રતન ટાટા દ્વારા કહેવામાં આવ્યું છે કે આ વર્ષ કમાણી કરવા માટે નહીં જીવિત રહેવા માટે છે.",,2020-05-03T00:00:00Z,2020-05-03 00:00:00+00:00,2020.0,5.0,gujarati.newschecker.in,gujarati.newschecker.in,,https://zeenews.india.com/gujarati/business/ratan-tata-gave-awesome-reply-to-instagram-user-who-called-him-chotu-84093,2020-05-05T00:00:00Z,partly true/misleading,misleading,gu,Gujarati,162,33,gujarati,False,xfact_2021
,,બેંક ઓફ બરોડા નું 3 મહિનામાં 21000 કરોડ નું નુકશાન બરોડા અને દેના બેંક વાળા ને ડરાવતો નથી આ તો માહિતી આપું છું.,tiktok user,2020-03-16T00:00:00Z,2020-03-16 00:00:00+00:00,2020.0,3.0,gujarati.newschecker.in,gujarati.newschecker.in,,https://gujarati.factcrescendo.com/did-bank-of-baroda-loss-21-thousand-crores-in-last-quarter/,2020-03-18T00:00:00Z,partly true/misleading,misleading,gu,Gujarati,111,23,gujarati,True,xfact_2021
,,શેરમાં નવરાત્રી બંધ રહેશે અને ગામડામાં ચાલુ,sharechat user,2020-10-09T00:00:00Z,2020-10-09 00:00:00+00:00,2020.0,10.0,gujarati.newschecker.in,gujarati.newschecker.in,,https://itel.dailyhunt.in/news/india/gujarati/newschecker+gujarati-epaper-nwschgu/gamadama+navaratrina+aayojanane+manjuri+hovano+bhramak+davo+vayaral-newsid-n220730114?pgs=N&pgn=0&,2020-10-09T00:00:00Z,false,false,gu,Gujarati,43,7,gujarati,True,xfact_2021
,,Jio Breaking ऑफर 2020 में मुकेश अंबानी दुनिया के 4th सबसे धनि व्यक्ति बनने की ख़ुशी में नीता अंबानी ने 99 हजार Jio यूजर को ₹401 का रिचार्ज फ्री में देने का वादा किया है तो अभी निचे नीले रंग की लिंक पर क्लिक करके अपने नंबर पर रिचार्ज करे।,facebook users,2020-09-24T00:00:00Z,2020-09-24 00:00:00+00:00,2020.0,9.0,gujarati.newschecker.in,gujarati.newschecker.in,,,2020-09-26T00:00:00Z,false,false,gu,Gujarati,236,50,devanagari,True,xfact_2021
,,લદ્દાખના ગાલવાન વિસ્તારમાં ભારતીય સેના અને ચીન વચ્ચે અથડામણનો વિડિયો…અથડામણમાં ભારતના એક અદિકારી અને બે સૈનિકો થયા હતા શહિદ,facebook user,2020-06-16T00:00:00Z,2020-06-16 00:00:00+00:00,2020.0,6.0,gujarati.newschecker.in,gujarati.newschecker.in,,https://www.bbc.com/gujarati/india-53970628,2020-06-19T00:00:00Z,partly true/misleading,misleading,gu,Gujarati,123,19,gujarati,True,xfact_2021
,,या तो हमे सरिया अदालत खोलने दो या हमे अलग देश दो,twitter user,2020-08-27T00:00:00Z,2020-08-27 00:00:00+00:00,2020.0,8.0,gujarati.newschecker.in,gujarati.newschecker.in,,,2020-08-27T00:00:00Z,partly true/misleading,misleading,gu,Gujarati,48,12,devanagari,True,xfact_2021
,,कपिल मिश्रा का भाषण सुने वह जज साहब जज बनने के पहले 10 सालों तक कांग्रेसी नेता मनीष तिवारी के असिस्टेंट थे और कांग्रेश के जमाने के कॉलेजियम ने ही उन्हें हाईकोर्ट का जज बनाया था इतना ही नहीं सोनिया गांधी का पर्चा भरते समय वह सोनिया गांधी के वकील थे,twitter user,2020-02-28T00:00:00Z,2020-02-28 00:00:00+00:00,2020.0,2.0,gujarati.newschecker.in,gujarati.newschecker.in,,https://gujarati.newschecker.in/tag/judge/feed/,2020-02-29T00:00:00Z,partly true/misleading,misleading,gu,Gujarati,247,51,devanagari,True,xfact_2021
,,"મુંબઈ રેલવે સ્ટેશન લોકોની સ્ક્રિનિંગ કરવા માટે રોબોટ મુકાયો, સેન્ટ્રલ રેલવે તરફથી મુકાયેલો રોબોટ આવતા-જતા તમામ લોકોની કરશે સ્ક્રિનિંગ, રોબોટનું નામ કેપ્ટન અર્જુન",twitter user,2020-06-13T00:00:00Z,2020-06-13 00:00:00+00:00,2020.0,6.0,gujarati.newschecker.in,gujarati.newschecker.in,,,2020-06-16T00:00:00Z,partly true/misleading,misleading,gu,Gujarati,161,23,gujarati,True,xfact_2021
,,"स्टूडेंट्स पर तो भारत सरकार की नजर बनी हुई है। लगता है अब गरीब किसान मजदूर का लड़का भी आत्मनिर्भर बन जाएगा, क्योंकि अब उसको नरेगा में वेकेंसी ओपन मिलेंगी",facebook user,2020-08-29T00:00:00Z,2020-08-29 00:00:00+00:00,2020.0,8.0,gujarati.newschecker.in,gujarati.newschecker.in,,,2020-09-03T00:00:00Z,partly true/misleading,misleading,gu,Gujarati,153,30,devanagari,True,xfact_2021
,,"જો તમારે નોકરી કરવી હોઈ તો તમારો ફોન નમ્બર આપો, અને ભણતર પણ સાથે લખજો ભણતર ની લાયકાત, જે આ પોસ્ટને શેર કરશે એને તરત ફોર્મ મોકલવામાં આવશે",Facebook user,2020-06-15T00:00:00Z,2020-06-15 00:00:00+00:00,2020.0,6.0,gujarati.newschecker.in,gujarati.newschecker.in,,,2020-06-25T00:00:00Z,partly true/misleading,misleading,gu,Gujarati,136,28,gujarati,True,xfact_2021
,,ये तस्वीर प्रधानमंत्री और भाजपा सरकार को तमाचा है जिस की गुंज पुरे विश्व को सुनाई देगी | #भाजपाइयों को छोड़कर पुरे भारत मे बढ़ते बलात्कार की घटनाओं को लेकर इस महिला ने अपने पुरे जिस्म को काटेंदार तार से लपेटकर ये संदेश दिया है कि भाजपा की सरकार मे महिलाए सुरक्षित नही हैं |,facebook-twitter users,2020-10-01T00:00:00Z,2020-10-01 00:00:00+00:00,2020.0,10.0,gujarati.newschecker.in,gujarati.newschecker.in,,,2020-10-01T00:00:00Z,false,false,gu,Gujarati,273,55,devanagari,True,xfact_2021
,,"A black day When many army soldiers were martyred in Pulwama. Today, even after one year, there was no investigation.Keep creating vote bank just by showing false",twitter user,2020-02-14T00:00:00Z,2020-02-14 00:00:00+00:00,2020.0,2.0,gujarati.newschecker.in,gujarati.newschecker.in,,,2020-02-14T00:00:00Z,partly true/misleading,misleading,gu,Gujarati,162,27,latin,True,xfact_2021
,,પાકિસ્તાની સંસદ માં લાગ્યા મોદી મોદી ના નારા,facebook user,2020-10-29T00:00:00Z,2020-10-29 00:00:00+00:00,2020.0,10.0,gujarati.newschecker.in,gujarati.newschecker.in,,https://www.bbc.com/gujarati/international-54763633,2020-10-30T00:00:00Z,partly true/misleading,misleading,gu,Gujarati,44,8,gujarati,True,xfact_2021
,,"સોશિયલ મીડિયા પર એક વિડિઓ વાયરલ કરવામાં આવ્યો છે, જેને અમદાવાદના જમાલપુરના દ્રશ્ય હોવનો દાવો કરવામાં આવ્યો છે. આ વિડિઓ સાથે કેપ્શન આપવામાં આવ્યું છે, ""અમદાવાદના જમાલપુરના આ દ્રશ્ય, પરિસ્થિતિમાં 3 May શુ દિવાળી સુધી પણ લોકડાઉન નહીં ખુલે"" એટલેકે લોકો જે પ્રકારે લોકડાઉનનો ભંગ કરી રહ્યા છે તે જોતા દિવાળી સુધી પણ લોકડાઉન હટાવવામાં નહીં આવે.",,,,,,gujarati.newschecker.in,gujarati.newschecker.in,,http://gujarati.newschecker.in/tag/mumbai/feed/,2020-05-02T00:00:00Z,false,false,gu,Gujarati,337,57,gujarati,False,xfact_2021
,,મનીષાબેન કોઈ ઉચ્ચ પરીક્ષા પાસ કરી ઓફિસ કે ઘરે આવ્યા છે અને લોકો એમનું સન્માન કરી રહ્યાં છે.,facebook user,2020-10-05T00:00:00Z,2020-10-05 00:00:00+00:00,2020.0,10.0,gujarati.newschecker.in,gujarati.newschecker.in,,https://m.dailyhunt.in/news/india/gujarati/newschecker+in+gujarati-epaper-nwschgu/hatharas+kandani+pidita+manisha+valmiki+hovana+dava+sathe+bhramak+vidio+vayaral-newsid-n221421696,2020-10-12T00:00:00Z,false,false,gu,Gujarati,91,18,gujarati,True,xfact_2021
,,"અમિતાભનો કોવિડ 19 નો ટેસ્ટ નેગેટિવ , એક - બે દિવસમાં ડિસ્ચાર્જ મળે તેવી શક્યતા , અભિષેકને આજે રજા મળી શકે છે",facebook users,2020-07-23T00:00:00Z,2020-07-23 00:00:00+00:00,2020.0,7.0,gujarati.newschecker.in,gujarati.newschecker.in,,,2020-07-24T00:00:00Z,partly true/misleading,misleading,gu,Gujarati,108,22,gujarati,True,xfact_2021
,,બ્રિટિશ એરવેઝ વિશ્વને અલવિદા કહી રહ્યો છે. છેલ્લા 70 વર્ષથી સૌથી વધુ નફો મેળવનારી એરલાઇન કંપની બન્ધ થઈ રહી છે જે માન્યામાં ન આવે તેવી વાત છે.,facebook user,2020-06-30T00:00:00Z,2020-06-30 00:00:00+00:00,2020.0,6.0,gujarati.newschecker.in,gujarati.newschecker.in,,,2020-07-07T00:00:00Z,false,false,gu,Gujarati,141,27,gujarati,True,xfact_2021
,,સુરત શહેરમાં કોરોના વાયરસને લઈ સ્થિતિ બેકાબૂ બની ગઈ છે. આ બધા વચ્ચે 108 એમ્બ્યુલન્સ (108 Ambulance Driver)ના એક ડ્રાઇવરની તેના પરિચિત સાથેની વાતચીતની એક ઓડીઓ ક્લિપ વાયરલ,whatsapp user,2020-07-15T00:00:00Z,2020-07-15 00:00:00+00:00,2020.0,7.0,gujarati.newschecker.in,gujarati.newschecker.in,,https://gujarati.news18.com/news/south-gujarat/surat-surat-crime-branch-arrests-108-ambulance-ex-driver-for-viral-audio-clip-about-surat-civil-corona-death-vz-999359.html,2020-07-17T00:00:00Z,partly true/misleading,misleading,gu,Gujarati,169,28,gujarati,True,xfact_2021
,,Ganpati Bappa in Galwan Valley Ladhak 🇳🇪 Jai Hind 🇳🇪 To our spirited jawana in Ladakh...,facebook user,2020-08-29T00:00:00Z,2020-08-29 00:00:00+00:00,2020.0,8.0,gujarati.newschecker.in,gujarati.newschecker.in,,,2020-08-29T00:00:00Z,false,false,gu,Gujarati,88,16,latin,True,xfact_2021
,,નરેશ કનોડિયાનું અવસાન,share chat user,2020-10-23T00:00:00Z,2020-10-23 00:00:00+00:00,2020.0,10.0,gujarati.newschecker.in,gujarati.newschecker.in,,https://www.bbc.com/gujarati/india-54678024,2020-10-26T00:00:00Z,false,false,gu,Gujarati,21,3,gujarati,True,xfact_2021
,,"આમિર ખાન સાથે કામ કરી ચૂકેલા જાવેદ હૈદર શાકભાજી વેચવા મજબૂર, અભિનેતા જાવેદ હૈદર પણ અન્ય કલાકારોની જેમ આર્થિક મુશ્કેલીમાંથી પસાર થઈ રહ્યા છે.",twitter user,2020-06-29T00:00:00Z,2020-06-29 00:00:00+00:00,2020.0,6.0,gujarati.newschecker.in,gujarati.newschecker.in,,https://hi-in.facebook.com/middaygujarati/posts/4030182507055893/,2020-07-03T00:00:00Z,partly true/misleading,misleading,gu,Gujarati,140,24,gujarati,True,xfact_2021
,,Medical Jihad after UPSC.,Facebook user,2020-10-16T00:00:00Z,2020-10-16 00:00:00+00:00,2020.0,10.0,gujarati.newschecker.in,gujarati.newschecker.in,,,2020-10-21T00:00:00Z,false,false,gu,Gujarati,25,4,latin,True,xfact_2021
,,ગરમ પાણી ની વરાળ લેવાથી કોરોના વાયરસ નાબૂદ થાય છે.,share chat user,2020-07-22T00:00:00Z,2020-07-22 00:00:00+00:00,2020.0,7.0,gujarati.newschecker.in,gujarati.newschecker.in,,https://gujarati.newschecker.in/coronavirus/steam-therapy-kills-coronavirus/,2020-07-23T00:00:00Z,partly true/misleading,misleading,gu,Gujarati,50,10,gujarati,True,xfact_2021
,,જૂનાગઢ ગિરનાર જંગલ માં આવેલો પૂજ્ય કાશ્મીરી બાપુ ના અમકું આશ્રમ માં પર્વત માળા ઉપર થી વહેતું વરસાદી પાણી નયન રમ્ય દર્સ્ય જોવો મજા આવશે,Facebook user,2020-08-17T00:00:00Z,2020-08-17 00:00:00+00:00,2020.0,8.0,gujarati.newschecker.in,gujarati.newschecker.in,,https://gujarati.factcrescendo.com/video-of-maleshwat-temple-ratnagiri-goes-viral-as-an-ashram-in-girnar-junagadh/,2020-08-17T00:00:00Z,false,false,gu,Gujarati,134,25,gujarati,True,xfact_2021
,,સુશાંતસિંહ રાજપૂતના આત્મહત્યા મામલે અમિતભાઇ શાહ એક્શનમાં..,facebook user,2020-07-18T00:00:00Z,2020-07-18 00:00:00+00:00,2020.0,7.0,gujarati.newschecker.in,gujarati.newschecker.in,,,2020-07-21T00:00:00Z,partly true/misleading,misleading,gu,Gujarati,58,7,gujarati,True,xfact_2021
,,"રૂઝાન આવવા લાગ્યું.. મોદી 2021નો એન્ડ પણ નહીં જોવે, એ પહેલાં જ એ રાજીનામુ આપી દેશે.. શેયર કરો મિત્રો",twitter user,2020-07-09T00:00:00Z,2020-07-09 00:00:00+00:00,2020.0,7.0,gujarati.newschecker.in,gujarati.newschecker.in,,,2020-07-13T00:00:00Z,partly true/misleading,misleading,gu,Gujarati,100,19,gujarati,True,xfact_2021
,,आयुष मंत्रालय में दवाईयों पर रिसर्च और अप्रूवल देने वाले साइंटिफिक पैनल के टॉप 6 साइंटिस्टों का नाम पढ़िए,facebook user,2020-06-26T00:00:00Z,2020-06-26 00:00:00+00:00,2020.0,6.0,gujarati.newschecker.in,gujarati.newschecker.in,,,2020-06-30T00:00:00Z,partly true/misleading,misleading,gu,Gujarati,105,19,devanagari,True,xfact_2021
,,ચાઇના ની હાલત શું છે એકવાર વીડીયો જરૂર જુઓ મારૂ મારૂ કરતા આટલી વાર લાગે બધું પૂરું થતાં. 🙏 યોગ્ય લાગ…,facebook user,2020-08-21T00:00:00Z,2020-08-21 00:00:00+00:00,2020.0,8.0,gujarati.newschecker.in,gujarati.newschecker.in,,,2020-08-28T00:00:00Z,false,false,gu,Gujarati,101,21,gujarati,True,xfact_2021
,,"પ્રદીપસિંહ અગાઉ કરેલ સજા નું નોટિફિકેશન પરિપત્ર આજ રોજ થી લાગુ, ગુજરાત ગૌ હત્યા ઉપર આજીવન કેદ ની સજા. ખુબ ખુબ આભાર ગુજરાત સરકાર #જયગૌમાતા",facebook user,2020-06-13T00:00:00Z,2020-06-13 00:00:00+00:00,2020.0,6.0,gujarati.newschecker.in,gujarati.newschecker.in,,https://gujarati.factcrescendo.com/explainer-did-gujarat-government-pass-resulation-against-cow-slaughter-recently/,2020-06-15T00:00:00Z,partly true/misleading,misleading,gu,Gujarati,137,25,gujarati,True,xfact_2021
,,"રાષ્ટ્રપતિ ભવન સ્થિત મુઘલ ગાર્ડન હવે થી ""રાજેન્દ્ર પ્રસાદ ગાર્ડન"" થી નામાધીન! ✌️ PM મોદી Power",facebook user,2020-08-17T00:00:00Z,2020-08-17 00:00:00+00:00,2020.0,8.0,gujarati.newschecker.in,gujarati.newschecker.in,,https://tecno.dailyhunt.in/news/india/gujarati/newschecker+in+gujarati-epaper-nwschgu/rashtrapati+bhavan+khate+aavel+mughal+gardananu+nam+do+rajendr+prasad+rakhavama+aavyu+hovano+bhramak+davo+vayaral-newsid-n208515092,2020-08-22T00:00:00Z,false,false,gu,Gujarati,94,16,gujarati,True,xfact_2021
,,હરિયાણા માં ભાજપ ધારાસભ્ય અને અધિકારી ની જનતા દ્વારા ધમધમાટ ધોલાઈ....,facebook user,2020-08-01T00:00:00Z,2020-08-01 00:00:00+00:00,2020.0,8.0,gujarati.newschecker.in,gujarati.newschecker.in,,,2020-08-04T00:00:00Z,partly true/misleading,misleading,gu,Gujarati,69,11,gujarati,True,xfact_2021
,,क्या ये ही था गुजरात मॉडल हजारो लोग पदयात्रा करते हुए अपने घरों की तरफ अग्रसर -जब सारी उम्मीद टूट गयी हो गुजरात सरकार से तब रास्ता भी क्या बचता है,twitter user,2020-05-10T00:00:00Z,2020-05-10 00:00:00+00:00,2020.0,5.0,gujarati.newschecker.in,gujarati.newschecker.in,,,2020-05-12T00:00:00Z,partly true/misleading,misleading,gu,Gujarati,146,31,devanagari,True,xfact_2021
,,"છાપરા સાથે માણસ કે માણસ સાથે છાપરું ઉડયું? : નિસર્ગ વાવાઝોડામાં અનેક ડરામણાં દ્રષ્યો સાથે મો પર હાસ્ય લાવતું આ દ્રશ્યનો વિડિઓ જરૂર જુવો"" કેપ્શન સાથે વાયરલ કરવામાં આવ્યો છે.",facebook user,2020-06-03T00:00:00Z,2020-06-03 00:00:00+00:00,2020.0,6.0,gujarati.newschecker.in,gujarati.newschecker.in,,https://www.bbc.com/gujarati/india-52866434,2020-06-08T00:00:00Z,partly true/misleading,misleading,gu,Gujarati,172,30,gujarati,True,xfact_2021
,,ડો.વિધિ ચિકિસ્તક વીરાંગના દેશવાસીઓ ની સેવા સેવા કરતા કરતા પોતાના પ્રાણ ગુમાવ્યા,Facebook user,2020-09-13T00:00:00Z,2020-09-13 00:00:00+00:00,2020.0,9.0,gujarati.newschecker.in,gujarati.newschecker.in,,https://tecno.dailyhunt.in/news/india/gujarati/newschecker+gujarati-epaper-nwschgu/amadavadana+do+vidhinu+korona+sankramit+thavathi+mrutyu+thaya+hovana+dava+sathe+kerelani+ektresani+tasvir+vayaral-newsid-n215422232?pgs=N&pgn=0&,2020-09-17T00:00:00Z,partly true/misleading,misleading,gu,Gujarati,79,12,gujarati,True,xfact_2021
,,અમેરીકા સુધી જેના વખાણ થયા તે જયોતી બુજાઈ ગઈ😢,twitter user,2020-07-04T00:00:00Z,2020-07-04 00:00:00+00:00,2020.0,7.0,gujarati.newschecker.in,gujarati.newschecker.in,,https://gujarati.newschecker.in/fact-checks/viral-claims-about-rape-and-murder-of-cycle-girl-jyoti-paswan-are-fake/,2020-07-10T00:00:00Z,partly true/misleading,misleading,gu,Gujarati,45,9,gujarati,True,xfact_2021
,,बड़ोदा की महारानी राधिका राजे गायकवाड़ है जिन्हें फोर्ब्स मैगजीन ने भारतीय राज्य वंश की सबसे खूबसूरत महिला घोषित किया है।लक्ष्मी विला पैलेस बड़ौदा700 एकड़ और बंकिघम पैलेस के 4 गुना आकार में फैला है।यह दुनिया का सबसे बड़ा निजी निवास है।सब छोड़कर जैन साध्वी की दीक्षा ली साथियो जब किसी में बादल मन के आसमान में छाते है तो संसार का वैभव पेड़ के सूखे पत्तों की तरह मुरझाया हुआ लगता है साथियों सिर्फ धन व नाम के पीछे न दौड़े चिता में कुछ साथ नही जाएगा.,facebook user,2020-08-17T00:00:00Z,2020-08-17 00:00:00+00:00,2020.0,8.0,gujarati.newschecker.in,gujarati.newschecker.in,,,2020-08-20T00:00:00Z,false,false,gu,Gujarati,439,88,devanagari,True,xfact_2021
,,ક્રિસ્ટિઆનો રોનાલ્ડો એ પોતાની તમામ હોટલ કોરોના વાયરસના કારણે હોસ્પિટલમાં ફેરવી નાખી,twitter user,2020-05-09T00:00:00Z,2020-05-09 00:00:00+00:00,2020.0,5.0,gujarati.newschecker.in,gujarati.newschecker.in,,https://gujarati.newschecker.in/coronavirus/cristiano-ronaldo-will-convert-his-hotels-into-coronavirus-hospitals/,2020-03-17T00:00:00Z,false,false,gu,Gujarati,83,12,gujarati,True,xfact_2021
,,ભક્તો.......આટલી નિચ હદે❓,twitter user,2020-07-07T00:00:00Z,2020-07-07 00:00:00+00:00,2020.0,7.0,gujarati.newschecker.in,gujarati.newschecker.in,,,2020-07-09T00:00:00Z,partly true/misleading,misleading,gu,Gujarati,25,3,gujarati,True,xfact_2021
,,પતંજલી ની આયુર્વેદિક કોરોના દવા પર પ્રતિબંધ લગાવનાર #ડો.મુંજાહિદ હુસેન ને આયુષ મંત્રાલય એ કાઢી મુક્યો,twitter user,2020-06-25T00:00:00Z,2020-06-25 00:00:00+00:00,2020.0,6.0,gujarati.newschecker.in,gujarati.newschecker.in,,https://www.bbc.com/gujarati/india-53269977,2020-06-27T00:00:00Z,partly true/misleading,misleading,gu,Gujarati,101,16,gujarati,True,xfact_2021
,,"કેરલા મા કુદરતી આપદા મા ધર્માદો કરી પાપ ના ભાગીદાર ન બનવુ, ત્યા માણસાઈ નથી. વાર્ષિક 600 નિર્દોષ હાથી ને મારે છે અન્ય જીવ અલગ",facebook user,2020-06-03T00:00:00Z,2020-06-03 00:00:00+00:00,2020.0,6.0,gujarati.newschecker.in,gujarati.newschecker.in,,https://gujarati.factcrescendo.com/do-600-elephants-get-killed-in-kerala-each-year/,2020-06-10T00:00:00Z,partly true/misleading,misleading,gu,Gujarati,124,25,gujarati,True,xfact_2021
,,5 જૂનથી દરેક ભાષા મા ભારત નુ નામ ભારત હશે India નહી હોય,facebook user,2020-06-10T00:00:00Z,2020-06-10 00:00:00+00:00,2020.0,6.0,gujarati.newschecker.in,gujarati.newschecker.in,,,2020-06-12T00:00:00Z,partly true/misleading,misleading,gu,Gujarati,55,13,gujarati,True,xfact_2021
,,વઢવાણ : ટ્રેઈનના ડબ્બામાં માતા બાળકને જોઇને હ્રદય દ્રવી ઉઠશે,facebook user,2020-05-17T00:00:00Z,2020-05-17 00:00:00+00:00,2020.0,5.0,gujarati.newschecker.in,gujarati.newschecker.in,,https://gujarati.factcrescendo.com/video-of-mother-sitting-between-train-bogies-from-bangladesh-sahred-as-recently-from-india/,2020-05-19T00:00:00Z,false,false,gu,Gujarati,60,10,gujarati,True,xfact_2021
,,"ABP ASMITA ગુજરાતી ન્યુઝ ચેનલ દ્વારા ખબર પ્રકાશિત કરવામાં આવી હતી, આ ખબર સાથે એક વિડિઓ ફૂટેજ બતાવવામાં આવી હતી જે વિડિઓ પર ટ્વીટર પર એક યુઝર્સ દ્વારા ટ્વીટ કરી આ વિડિઓ કોલકતાનો હોવાનું જણાવવામાં આવ્યું હતુ.",twitter user,2020-05-09T00:00:00Z,2020-05-09 00:00:00+00:00,2020.0,5.0,gujarati.newschecker.in,gujarati.newschecker.in,,https://gujarati.abplive.com/,2020-05-11T00:00:00Z,partly true/misleading,misleading,gu,Gujarati,206,37,gujarati,True,xfact_2021
,,This is a proper Queen move! Proud of Deepika Padukone! India needs to stop allowing the government to distract us from its utter and total failure.,facebook user,2020-09-26T00:00:00Z,2020-09-26 00:00:00+00:00,2020.0,9.0,gujarati.newschecker.in,gujarati.newschecker.in,,,2020-09-28T00:00:00Z,false,false,gu,Gujarati,148,26,latin,True,xfact_2021
,,"ઇમરાન ખાનથી ફ્રાન્સ ભડક્યું, 183 પાકિસ્તાનીના વિઝા રદ, 118 પાકિસ્તાનીઓને ફરજિયાત ડિપોર્ટ કરી દેવાયા",Facebook user,2020-11-04T00:00:00Z,2020-11-04 00:00:00+00:00,2020.0,11.0,gujarati.newschecker.in,gujarati.newschecker.in,,,2020-11-04T00:00:00Z,false,false,gu,Gujarati,99,14,gujarati,True,xfact_2021
,,"સોશિયલ મીડિયા પર અને વોટસએપ પર એક વિડિઓ વાયરલ કરવામાં આવ્યો છે, જેમાં એક વ્યક્તિ દ્વારા કોરોના વાયરસની દવા બનાવવામાં આવી હોવાનો દાવો કરવામાં આવ્યો છે. જેના માટે વ્યક્તિએ પોતે એક વિડિઓ બનાવ્યો છે, જેમાં તે આ વિષય પર માહિતી આપે છે. જયારે સોશિયલ મીડિયા પર લોકોએ આ વિડિઓ પોસ્ટ કરી સાથે કેપ્શન આપ્યું છે. ""પોરબંદરના વિસાવાડા ગામના યુવાન રાજુભાઇ કેશવાલાયે દાવો કર્યો કે કોરોનાની દવા ગોતી લીધી છે,પણ મારી શરતો સરકાર પહેલા સ્વીકારવા તૈયાર થાય તો બતાવીશ""",Viral social media post,2020-04-29T00:00:00Z,2020-04-29 00:00:00+00:00,2020.0,4.0,gujarati.newschecker.in,gujarati.newschecker.in,,https://zeenews.india.com/gujarati/world/gilead-sciences-claims-drug-affects-people-with-coronavirus-96785,2020-05-01T00:00:00Z,partly true/misleading,misleading,gu,Gujarati,445,78,gujarati,True,xfact_2021
,,"સોશિયલ મીડિયા પર બાબા રામદેવ પર દાવો કરતી પોસ્ટ વાયરલ કરવામાં આવી છે, જેમાં બાબા રામદેવના 2212 કરોડ માફ કરવામાં આવ્યા હોવાનો દાવો કરવામાં આવ્યો છે. આ પોસ્ટમાં લખવામાં આવ્યું છે ""2014 માં તો મોદી આવશે તો 35 માં પેટ્રોલ મળશે એવું કેહવા વાળો #બાબારામદેવ 2212 કરોડ નો બુચ મારી ગયો. લે કચું કો લે""",facebook,2020-05-01T00:00:00Z,2020-05-01 00:00:00+00:00,2020.0,5.0,gujarati.newschecker.in,gujarati.newschecker.in,,https://www.bbc.com/gujarati/india-53148057,2020-05-07T00:00:00Z,partly true/misleading,misleading,gu,Gujarati,292,55,gujarati,True,xfact_2021
,,રાજકોટ હવે કોરોના વાયરસનું નવું હોટસ્પોટ બન્યું છે. રાજકોટમાં હાઈ એલર્ટ જાહેર કરાયું છે,facebook user,2020-09-12T00:00:00Z,2020-09-12 00:00:00+00:00,2020.0,9.0,gujarati.newschecker.in,gujarati.newschecker.in,,https://tecno.dailyhunt.in/news/india/gujarati/newschecker+gujarati-epaper-nwschgu/rajakot+korona+vayarasanu+navu+hotaspot+banyu+hovano+bhramak+davo+vayaral-newsid-n214583364?pgs=N&pgn=0&,2020-09-14T00:00:00Z,partly true/misleading,misleading,gu,Gujarati,87,14,gujarati,True,xfact_2021
,,દેશ ના #મહામહિમ રાષ્ટ્રપતિ સંસદ ના બંને ગૃહ ને સંબોધન દરમિયાન આવા #ફેક #અભિભાષણ કેન્દ્ર સરકાર ની યોજના પરિયોજના નો પક્ષ રાખવા માટે સંબોધન કરતા હશે,Facebook user,2020-09-28T00:00:00Z,2020-09-28 00:00:00+00:00,2020.0,9.0,gujarati.newschecker.in,gujarati.newschecker.in,,,2020-09-29T00:00:00Z,false,false,gu,Gujarati,146,26,gujarati,True,xfact_2021
,,New Indian flag in attari border at 360 feet,facebook user,2020-08-31T00:00:00Z,2020-08-31 00:00:00+00:00,2020.0,8.0,gujarati.newschecker.in,gujarati.newschecker.in,,,2020-09-08T00:00:00Z,false,false,gu,Gujarati,44,9,latin,True,xfact_2021
,,"યુનિસેફ, કોરોના વાયરસ કદમાં મોટા પ્રમાણમાં 400-500 માઇક્રોના કોષ વ્યાસ સાથે હોય છે, તેથી કોઈપણ માસ્ક તેની પ્રવેશને અટકાવે છે. યુનિસેફના નામ પર કેટલીક માહિતી શેયર કરવામાં આવી છે.",,2020-03-04T00:00:00Z,2020-03-04 00:00:00+00:00,2020.0,3.0,gujarati.newschecker.in,gujarati.newschecker.in,,https://gujarati.factcrescendo.com/the-truth-of-unicefs-message-regarding-the-corona-virus/,2020-03-11T00:00:00Z,partly true/misleading,misleading,gu,Gujarati,177,29,gujarati,False,xfact_2021
,,"Rs. 2300 crore from Tirupati Temple transfered to Aandhra treasury, Rs. 600 Crore from Siddhi Vinayak Temple transfered to state treasure.",twitter user,2020-02-18T00:00:00Z,2020-02-18 00:00:00+00:00,2020.0,2.0,gujarati.newschecker.in,gujarati.newschecker.in,,,2020-02-18T00:00:00Z,partly true/misleading,misleading,gu,Gujarati,138,21,latin,True,xfact_2021
,,"ફેસબુક, ટ્વીટર અને ટિક્ટોક પર એક વિડિઓ વાયરલ કરવામાં આવ્યો છે, જેમાં એક મુસ્લિમ્મ યુવક પોલિસ પર થુંક ફેંકી રહ્યો દેખાઈ રહ્યો છે. આ મુજબ દાવો કરવામાં આવ્યો છે કે નિઝામુદીન મરકજમાં પકડવામાં આવેલ યુવક કોરોના વાયરસ ફેલાવવા માટે થુંકી રહ્યો છે, અલગ-અલગ પોસ્ટ સાથે લખવામાં આવેલ કેપ્શન કંઈક આ પ્રમાણે છે "" કોને જોઈતું તું સબૂત લ્યો આ સબૂત.... #પોલીસ મિત્રો આને છોડશો નઇ"" , ""police pe thukta hai kuta"" , ""These people are dangerous than Coronavirus""",,2020-04-02T00:00:00Z,2020-04-02 00:00:00+00:00,2020.0,4.0,gujarati.newschecker.in,gujarati.newschecker.in,,https://gujarati.abplive.com/news/mehsana/woman-police-constable-suspended-for-creating-tiktok-video-inside-police-station-in-mehsana-424084,2020-04-21T00:00:00Z,partly true/misleading,misleading,gu,Gujarati,441,78,gujarati,False,xfact_2021
rainfall,,Images of roads blocked due to heavy rainfall on roads between Bhavnagar and Ahmedabad,Many,2016-06-20T00:00:00Z,2016-06-20 00:00:00+00:00,2016.0,6.0,Alt News,altnews.in,Old images shared as roads blocked in Gujarat due to heavy rainfall,https://www.altnews.in/old-images-shared-as-roads-blocked-in-gujarat-due-to-heavy-rainfall/,2019-07-30T00:00:00Z,False,false,gu,Gujarati,86,14,latin,True,fact_check_api
kidnapping,,"Child abduction gang active in Kutch, Gujarat",Social media,2016-06-20T00:00:00Z,2016-06-20 00:00:00+00:00,2016.0,6.0,Alt News,altnews.in,Viral video of staged kidnapping now circulates with child abduction ...,https://www.altnews.in/viral-video-of-staged-kidnapping-now-circulates-with-child-abduction-rumour-in-kutch-gujarat/,2018-06-14T00:00:00Z,False,false,gu,Gujarati,45,7,latin,True,fact_check_api
fact check,,"Government monitoring, recording calls to track political and religious content?",WhatsApp,2016-06-20T00:00:00Z,2016-06-20 00:00:00+00:00,2016.0,6.0,Alt News,altnews.in,Fact-check: Is govt monitoring calls and social media to track ...,https://www.altnews.in/fact-check-is-govt-monitoring-calls-and-social-media-to-track-political-and-religious-content/,2020-04-06T00:00:00Z,False,false,gu,Gujarati,80,10,latin,True,fact_check_api
ગુજરાત,,AAP is promoting namaz and discouraging Hindu prayers in Gujarat,Surajit Dasgupta,2016-06-20T00:00:00Z,2016-06-20 00:00:00+00:00,2016.0,6.0,Alt News,altnews.in,"Morphed billboard shows AAP promoting namaz, discouraging ...",https://www.altnews.in/morphed-billboard-shows-aap-promoting-namaz-discouraging-hindu-prayers-in-gujarat/,2021-07-12T00:00:00Z,False,false,gu,Gujarati,64,10,latin,True,fact_check_api
ગુજરાત,,BJP workers have started demanding for a better education system in Gujarat,Arvind Kejriwal,2016-06-20T00:00:00Z,2016-06-20 00:00:00+00:00,2016.0,6.0,Alt News,altnews.in,Arvind Kejriwal falsely claims BJP worker tweeted criticism of Gujarat education system,https://www.altnews.in/arvind-kejriwal-falsely-claims-bjp-worker-tweeted-criticism-of-gujarat-education-system/,2022-04-12T00:00:00Z,False,false,gu,Gujarati,75,12,latin,True,fact_check_api
ગુજરાત,,Photo shows AAP Gujarat billboard saying Gujarat will read Namaz and leave reading Bhagwat Saptah,Renuka Jain,2021-07-13T13:09:06Z,2021-07-13 13:09:06+00:00,2021.0,7.0,BOOM Fact Check,boomlive.in,"Photo Of AAP Gujarat Billboard Doctored, Given Communal Spin | BOOM",https://www.boomlive.in/fact-check/fake-news-morphed-billboard-photo-isudan-gadhvi-gopal-italia-arvind-kejriwal-factcheck-13877,2021-07-12T13:29:21Z,False,false,gu,Gujarati,97,15,latin,True,fact_check_api
ગુજરાત,,Video shows police brutality in Gujarat.,Social Media Users,2022-12-03T11:13:05Z,2022-12-03 11:13:05+00:00,2022.0,12.0,BOOM Fact Check,boomlive.in,Video From Bihar Viral As Police Atrocity In Gujarat Ahead Of Modi's Visit | BOOM,https://www.boomlive.in/fact-check/viral-video-police-van-rickshaw-puller-beating-gujarat-claims-social-media-20276,2022-12-03T11:13:05Z,False,false,gu,Gujarati,40,6,latin,True,fact_check_api
ગુજરાત,,Message by ex-employee maligning Gujarat Samachar,Social media,2016-06-20T00:00:00Z,2016-06-20 00:00:00+00:00,2016.0,6.0,Alt News,altnews.in,Fake message circulated in the name of non-existent ex-employee to malign Gujarat Samachar,https://www.altnews.in/fake-message-circulated-in-the-name-of-ex-employee-to-malign-gujarat-samachar/,2018-06-19T00:00:00Z,False,false,gu,Gujarati,49,6,latin,True,fact_check_api
અમદાવાદ,,Video of a man brutally charged in Ahmedabad's Behrampura area during coronavirus curfew,Social media users,2016-06-20T00:00:00Z,2016-06-20 00:00:00+00:00,2016.0,6.0,Alt News,altnews.in,Video from Mumbai viral as cops lathicharge deaf-mute man in Ahmedabad’s Behrampura,https://www.altnews.in/video-from-mumbai-viral-as-cops-lathicharge-deaf-mute-man-in-ahmedabads-behrampura/,2020-04-18T00:00:00Z,False,false,gu,Gujarati,88,13,latin,True,fact_check_api
Gujarat,,Gujarati boy loses mental balance after playing PUBG,Social media,2016-06-20T00:00:00Z,2016-06-20 00:00:00+00:00,2016.0,6.0,Alt News,altnews.in,Unrelated photos shared as boy in Gujarat hospitalized due to ...,https://www.altnews.in/unrelated-photos-shared-as-boy-in-gujarat-hospitalized-due-to-pubg-addiction/,2019-11-13T00:00:00Z,False,false,gu,Gujarati,52,8,latin,True,fact_check_api
